Pool,Condition.x,Mouse,gene,sd.x,val1.x,val2.x,meanlogprop.x,medsd.x,monotonicmedsd.x,Condition.y,sd.y,val1.y,val2.y,meanlogprop.y,medsd.y,monotonicmedsd.y,difference,differencesd,Condition
Targeted,Negsort,B,PBANKA_071830,0.07132902814332469,-4.150752892261465,-4.049878413270283,-4.100315652765874,0.0516851389856114,0.0516851389856114,GFPsort,0.029766017388415347,-3.176621292431302,-3.2187167979198326,-3.1976690451755676,0.036327760704682195,0.036327760704682195,0.9026466075903068,0.06317483509894284,GFPsort
Targeted,Negsort,B,PBANKA_071830,0.07132902814332469,-4.150752892261465,-4.049878413270283,-4.100315652765874,0.0516851389856114,0.0516851389856114,RFPsort,0.03528875055135306,-3.3103752057558054,-3.36028103538473,-3.3353281205702676,0.0295447075914792,0.0295447075914792,0.7649875321956068,0.059533548009739645,RFPsort
Targeted,Negsort,C,PBANKA_071830,0.02582774604403437,-4.089202167598285,-4.125728116339286,-4.1074651419687855,0.030542411525435166,0.030542411525435166,GFPsort,0.08875503392538076,-3.149565394049716,-3.2750839667558735,-3.2123246804027947,0.09058510220046312,0.09058510220046312,0.8951404615659908,0.09559550011615287,GFPsort
Targeted,Negsort,C,PBANKA_071830,0.02582774604403437,-4.089202167598285,-4.125728116339286,-4.1074651419687855,0.030542411525435166,0.030542411525435166,RFPsort,0.02196239627134254,-3.556411788485521,-3.525352269816376,-3.5408820291509486,0.04395144116160282,0.04395144116160282,0.5665831128178369,0.05352165993288016,RFPsort
Targeted,Negsort,A,PBANKA_071830,0.06773977455198205,-4.155608987645467,-4.059810479761958,-4.107709733703713,0.04208371117648345,0.04208371117648345,GFPsort,0.10228197056934428,-3.2681286035969146,-3.412777153562327,-3.3404528785796206,0.057886098039491955,0.057886098039491955,0.7672568551240921,0.07156702517656685,GFPsort
Targeted,Negsort,A,PBANKA_071830,0.06773977455198205,-4.155608987645467,-4.059810479761958,-4.107709733703713,0.04208371117648345,0.04208371117648345,RFPsort,0.054576939872286366,-3.379894704736942,-3.45707815329715,-3.418486429017046,0.03842660805797143,0.03842660805797143,0.6892233046866667,0.056988094837664406,RFPsort
Targeted,Negsort,C,PBANKA_051060,0.0199838576582616,-5.4273790331308405,-5.3991175906019935,-5.4132483118664165,0.03100749928419131,0.03100749928419131,GFPsort,0.09397207713193194,-4.623179316038463,-4.756075902002812,-4.689627609020638,0.08925933227619144,0.09058510220046312,0.7236207028457784,0.09574510824333259,GFPsort
Targeted,Negsort,C,PBANKA_051060,0.0199838576582616,-5.4273790331308405,-5.3991175906019935,-5.4132483118664165,0.03100749928419131,0.03100749928419131,RFPsort,0.06665554477071392,-4.785742991430338,-4.880008166852448,-4.832875579141393,0.04395144116160282,0.04395144116160282,0.5803727327250234,0.05378842061299959,RFPsort
Targeted,Negsort,A,PBANKA_051060,0.016053707598069462,-5.415713036584153,-5.438416407595715,-5.427064722089934,0.033473017917318326,0.04285881470293626,RFPsort,0.07635405446211163,-4.675236288228123,-4.783217227590615,-4.72922675790937,0.036087111972460326,0.03842660805797143,0.6978379641805645,0.05756285438181102,RFPsort
Targeted,Negsort,A,PBANKA_051060,0.016053707598069462,-5.415713036584153,-5.438416407595715,-5.427064722089934,0.033473017917318326,0.04285881470293626,GFPsort,0.03294354864589505,-4.888970243580047,-4.842381030292325,-4.865675636936186,0.06624115662580683,0.06624115662580683,0.5613890851537482,0.07889720418915551,GFPsort
Targeted,Negsort,B,PBANKA_051060,0.12059446562144813,-5.553834561176601,-5.3832882323476134,-5.468561396762107,0.05412532039016684,0.06589903883255982,RFPsort,0.016465093134231855,-4.830617037198888,-4.8539021952150545,-4.842259616206971,0.024855311498452968,0.0295447075914792,0.6263017805551359,0.07221892456774219,RFPsort
Targeted,Negsort,B,PBANKA_051060,0.12059446562144813,-5.553834561176601,-5.3832882323476134,-5.468561396762107,0.05412532039016684,0.06589903883255982,GFPsort,0.015408841490867787,-4.941321569413246,-4.963112962030088,-4.952217265721667,0.04847407363083279,0.05214432805853051,0.51634413104044,0.08403400661476805,GFPsort
Targeted,Negsort,A,PBANKA_120780,0.07577507788128297,-6.056619624713115,-6.163781767542703,-6.11020069612791,0.06146651224997448,0.06574600172827862,GFPsort,0.17136910288817747,-5.296329045725782,-5.053976536249611,-5.175152790987697,0.06855515485218501,0.06855515485218501,0.9350479051402125,0.09498603055219162,GFPsort
Targeted,Negsort,A,PBANKA_120780,0.07577507788128297,-6.056619624713115,-6.163781767542703,-6.11020069612791,0.06146651224997448,0.06574600172827862,RFPsort,0.07368848275645778,-5.336157120035262,-5.231945868330383,-5.2840514941828225,0.046156251293873594,0.046156251293873594,0.8261492019450873,0.08033017040164936,RFPsort
Targeted,Negsort,C,PBANKA_120780,0.060542671167812805,-6.155174668925504,-6.069554402257689,-6.112364535591596,0.08138809099314019,0.08138809099314019,GFPsort,0.08920034458656295,-5.08958490444359,-5.2157332415262605,-5.152659072984925,0.07228807517223122,0.09058510220046312,0.9597054626066717,0.12177718216552728,GFPsort
Targeted,Negsort,C,PBANKA_120780,0.060542671167812805,-6.155174668925504,-6.069554402257689,-6.112364535591596,0.08138809099314019,0.08138809099314019,RFPsort,0.11038708452582727,-5.30193241641076,-5.45804332845801,-5.379987872434385,0.0545012592169891,0.0545012592169891,0.7323766631572113,0.09795105212168528,RFPsort
Targeted,Negsort,B,PBANKA_120780,0.02368403041484503,-6.2483924066664365,-6.214898129642106,-6.231645268154271,0.0633332962103671,0.07777556050185443,GFPsort,0.026661975964531296,-5.280551637124085,-5.242845909115379,-5.261698773119733,0.045885658715295215,0.05214432805853051,0.969946495034538,0.09363796644552502,GFPsort
Targeted,Negsort,B,PBANKA_120780,0.02368403041484503,-6.2483924066664365,-6.214898129642106,-6.231645268154271,0.0633332962103671,0.07777556050185443,RFPsort,0.017782622058878844,-5.396923488899827,-5.422071914190049,-5.409497701544938,0.044639163535833186,0.044639163535833186,0.822147566609333,0.0896754856834156,RFPsort
Targeted,Negsort,C,PBANKA_051820,0.17532261039872815,-6.474249063879042,-6.722192677295578,-6.59822087058731,0.08872098916626808,0.09011000944154211,GFPsort,0.19207705117350335,-6.101176034734033,-5.829538063943834,-5.965357049338934,0.1166429135365045,0.1166429135365045,0.6328638212483764,0.1473953292334573,GFPsort
Targeted,Negsort,C,PBANKA_051820,0.17532261039872815,-6.474249063879042,-6.722192677295578,-6.59822087058731,0.08872098916626808,0.09011000944154211,RFPsort,0.05729698241990253,-6.190133246509673,-6.2711634161309515,-6.230648331320312,0.04809459794348527,0.0545012592169891,0.3675725392669982,0.10531002353903568,RFPsort
Targeted,Negsort,A,PBANKA_051820,0.25225466793746426,-6.538273711655711,-6.895015684224794,-6.716644697940252,0.12050549670988725,0.1257815257463067,RFPsort,0.04013848952803099,-6.127357261597403,-6.184121657861115,-6.15573945972926,0.05541167324807008,0.05541167324807008,0.5609052382109923,0.1374461558255439,RFPsort
Targeted,Negsort,A,PBANKA_051820,0.25225466793746426,-6.538273711655711,-6.895015684224794,-6.716644697940252,0.12050549670988725,0.1257815257463067,GFPsort,0.08907960212768963,-6.2917505111280105,-6.417728092587788,-6.354739301857899,0.07463369333299555,0.07463369333299555,0.36190539608235284,0.14625724050313693,GFPsort
Targeted,Negsort,C,PBANKA_083110,0.14157978532123758,-6.6942677063056815,-6.894491758864847,-6.794379732585265,0.07945139511411378,0.09647872774242071,RFPsort,0.05567194417500672,-5.816260997866243,-5.894993016362215,-5.855627007114229,0.041310660270529286,0.0545012592169891,0.9387527254710353,0.11080853831286458,RFPsort
Targeted,Negsort,C,PBANKA_083110,0.14157978532123758,-6.6942677063056815,-6.894491758864847,-6.794379732585265,0.07945139511411378,0.09647872774242071,GFPsort,0.06868201518061368,-5.959983255669525,-5.862852218309986,-5.911417736989756,0.10678352921699584,0.10678352921699584,0.882961995595509,0.1439127062452553,GFPsort
Targeted,Negsort,B,PBANKA_083110,0.047739575313097235,-6.803701633373216,-6.87121558824293,-6.837458610808073,0.06467609293517523,0.07777556050185443,RFPsort,0.029392433397112852,-5.879727735384526,-5.838160557443181,-5.858944146413853,0.04264714660438421,0.044639163535833186,0.9785144643942205,0.0896754856834156,RFPsort
Targeted,Negsort,B,PBANKA_083110,0.047739575313097235,-6.803701633373216,-6.87121558824293,-6.837458610808073,0.06467609293517523,0.07777556050185443,GFPsort,0.0029413284086563037,-5.920449274360396,-5.924608940887311,-5.922529107623854,0.04882261049247119,0.05214432805853051,0.9149295031842195,0.09363796644552502,GFPsort
Targeted,Negsort,B,PBANKA_051820,0.11511481101654089,-6.803701633373216,-6.966498560342824,-6.88510009685802,0.08695389801204749,0.08695389801204749,GFPsort,0.04109116046247323,-6.076736644603073,-6.134848321022751,-6.105792482812912,0.039771811031745014,0.05214432805853051,0.7793076140451074,0.10139039070920483,GFPsort
Targeted,Negsort,B,PBANKA_051820,0.11511481101654089,-6.803701633373216,-6.966498560342824,-6.88510009685802,0.08695389801204749,0.08695389801204749,RFPsort,0.008505396814005953,-6.326484820389027,-6.314456372861295,-6.32047059662516,0.05267105670967321,0.06415114249688857,0.5646295002328596,0.10805715831515124,RFPsort
Targeted,Negsort,A,PBANKA_083110,0.20037294488563814,-6.745536346095398,-7.028906482285304,-6.887221414190352,0.10013933518459579,0.1293225408880203,GFPsort,0.0166037748939422,-5.969895558527712,-5.993376842169315,-5.981636200348514,0.06340628591130053,0.07210330572091639,0.9055852138418379,0.148064871855608,GFPsort
Targeted,Negsort,A,PBANKA_083110,0.20037294488563814,-6.745536346095398,-7.028906482285304,-6.887221414190352,0.10013933518459579,0.1293225408880203,RFPsort,0.05108931185987945,-6.029434439014789,-5.957183241290239,-5.993308840152514,0.050919024183201184,0.05345672923375444,0.893912574037838,0.13993549043078607,RFPsort
PbSTM101,Negsort,3,PBANKA_083110,0.025594774006808055,-7.967255945485641,-8.003452422011943,-7.985354183748791,0.06984680139745508,0.09475223099752123,RFPsort,0.18103255621743022,-8.034204085369892,-8.290222781603651,-8.162213433486771,0.13098465970320491,0.13191108972046087,-0.17685924973797995,0.16241465719031364,RFPsort
PbSTM101,Negsort,3,PBANKA_083110,0.025594774006808055,-7.967255945485641,-8.003452422011943,-7.985354183748791,0.06984680139745508,0.09475223099752123,GFPsort,0.1441718355243249,-8.28174261218724,-8.077852847076517,-8.17979772963188,0.12264273495543883,0.16732487682524022,-0.19444354588308776,0.19229040455412597,GFPsort
PbSTM101,Negsort,3,PBANKA_083110,0.025594774006808055,-7.967255945485641,-8.003452422011943,-7.985354183748791,0.06984680139745508,0.09475223099752123,control,0.08361307981325834,-8.144968189442814,-8.263214940906508,-8.20409156517466,0.07229641167622353,0.11208646437537649,-0.21873738142586951,0.14676975429283842,control
Targeted,Negsort,B,PBANKA_132610,0.2703481701592234,-7.909054633519445,-8.291384682321368,-8.100219657920407,0.14744775363286516,0.14744775363286516,RFPsort,0.02075139793311344,-7.241539535589402,-7.212192627194192,-7.226866081391797,0.05382920016645842,0.06415114249688857,0.8733535765286105,0.16079866024017178,RFPsort
Targeted,Negsort,B,PBANKA_132610,0.2703481701592234,-7.909054633519445,-8.291384682321368,-8.100219657920407,0.14744775363286516,0.14744775363286516,GFPsort,0.026029582955281502,-7.396343647266389,-7.4331550365046635,-7.414749341885527,0.07890584677508973,0.08237572239277212,0.6854703160348805,0.16889819327366756,GFPsort
PbSTM101,Negsort,2,PBANKA_083110,0.09394136063266535,-8.154686048542068,-8.287539194816565,-8.221112621679318,0.09978891534254954,0.10452468672339704,control,0.05766319221931448,-8.082136335813589,-8.000588267327307,-8.041362301570448,0.10198570158245884,0.13531497027289524,0.1797503201088695,0.17098406742904093,control
PbSTM101,Negsort,2,PBANKA_083110,0.09394136063266535,-8.154686048542068,-8.287539194816565,-8.221112621679318,0.09978891534254954,0.10452468672339704,RFPsort,0.12435981789623249,-8.422534858747417,-8.246663517664317,-8.334599188205868,0.09793192198800703,0.13157391529012036,-0.11348656652655009,0.16803899940012754,RFPsort
PbSTM101,Negsort,2,PBANKA_083110,0.09394136063266535,-8.154686048542068,-8.287539194816565,-8.221112621679318,0.09978891534254954,0.10452468672339704,GFPsort,0.1183366365139802,-8.52110596073457,-8.688459237018256,-8.604782598876412,0.12858448794915522,0.12858448794915522,-0.38366997719709417,0.16570872238892778,GFPsort
Targeted,Negsort,C,PBANKA_132610,0.11687410771026302,-8.341732959581725,-8.176448011367617,-8.25909048547467,0.14543922693063976,0.15630442920296875,GFPsort,0.15812253485881714,-7.331215733377617,-7.107596700063465,-7.219406216720541,0.0904051760760622,0.15503426469899384,1.0396842687541294,0.22015153376532165,GFPsort
Targeted,Negsort,C,PBANKA_132610,0.11687410771026302,-8.341732959581725,-8.176448011367617,-8.25909048547467,0.14543922693063976,0.15630442920296875,RFPsort,0.03427322737487191,-7.257532531795259,-7.3060021947750995,-7.281767363285179,0.09145386224986461,0.10166073993278234,0.9773231221894916,0.18645637729009612,RFPsort
Targeted,Negsort,A,PBANKA_132610,0.017454942893771308,-8.299173966057849,-8.323858983028668,-8.311516474543257,0.16380763955949548,0.2120006972804637,GFPsort,0.02666150819538619,-7.075798352724156,-7.113503419207393,-7.094650885965775,0.07405090556852459,0.09253859136576992,1.2168655885774822,0.23131728543142588,GFPsort
Targeted,Negsort,A,PBANKA_132610,0.017454942893771308,-8.299173966057849,-8.323858983028668,-8.311516474543257,0.16380763955949548,0.2120006972804637,RFPsort,0.16356875889634767,-7.29010394670339,-7.05878278949164,-7.174443368097515,0.05727301206072822,0.0638574730181611,1.137073106445742,0.22140928731123266,RFPsort
PbSTM101,Negsort,1,PBANKA_071830,0.01681080838115225,-8.489398746718182,-8.513172819925263,-8.501285783321723,0.11233017745092823,0.15036205798323266,control,0.0032346300764612983,-8.809172120511851,-8.813746578235243,-8.811459349373546,0.07452851593967148,0.11413161543334231,-0.310173566051823,0.1887717513887535,control
PbSTM101,Negsort,1,PBANKA_071830,0.01681080838115225,-8.489398746718182,-8.513172819925263,-8.501285783321723,0.11233017745092823,0.15036205798323266,RFPsort,0.2280012033837874,-9.13165173803521,-8.809209343972471,-8.97043054100384,0.16362187474914303,0.1904338548610875,-0.46914475768211616,0.24263924158760214,RFPsort
PbSTM101,Negsort,1,PBANKA_071830,0.01681080838115225,-8.489398746718182,-8.513172819925263,-8.501285783321723,0.11233017745092823,0.15036205798323266,GFPsort,0.20556697942872626,-9.206266082406216,-8.91555047212204,-9.06090827726413,0.1563152805925995,0.19082826989701848,-0.5596224939424062,0.24294891864925505,GFPsort
SP3,Negsort,3,PBANKA_071830,0.008289277944425778,-8.560173308654372,-8.57189611794566,-8.566034713300017,0.1432528999167787,0.14454145751595956,GFPsort,0.017357026251761606,-8.166583930669521,-8.142037388741814,-8.154310659705668,0.12677039354340253,0.12677039354340253,0.41172405359434805,0.1922575502288196,GFPsort
SP3,Negsort,3,PBANKA_071830,0.008289277944425778,-8.560173308654372,-8.57189611794566,-8.566034713300017,0.1432528999167787,0.14454145751595956,RFPsort,0.059189479338819816,-8.216361679336012,-8.300068243766773,-8.258214961551392,0.12018635103949583,0.14515809793423157,0.3078197517486245,0.2048489842218455,RFPsort
SP3,Negsort,3,PBANKA_071830,0.008289277944425778,-8.560173308654372,-8.57189611794566,-8.566034713300017,0.1432528999167787,0.14454145751595956,sort2,0.4886606506276402,-8.182378887497443,-8.873449407013112,-8.527914147255277,0.11624524196668631,0.15430274381140238,0.038120566044739235,0.2114274572721462,sort2
SP3,Negsort,3,PBANKA_071830,0.008289277944425778,-8.560173308654372,-8.57189611794566,-8.566034713300017,0.1432528999167787,0.14454145751595956,sort4,0.16881599243681458,-8.727610734685014,-8.96635260073463,-8.846981667709823,0.35431753842263203,0.46292293163592135,-0.28094695440980644,0.4849637858389365,sort4
PbSTM101,Negsort,1,PBANKA_120780,0.004976804322504378,-8.685596925922571,-8.678558661752408,-8.68207779383749,0.08488203071938258,0.15036205798323266,GFPsort,0.06066956986266473,-8.583461725551086,-8.669261454074208,-8.626361589812646,0.10024654742762196,0.16747883132849195,0.05571620402484356,0.22507311572933467,GFPsort
PbSTM101,Negsort,1,PBANKA_120780,0.004976804322504378,-8.685596925922571,-8.678558661752408,-8.68207779383749,0.08488203071938258,0.15036205798323266,control,0.12446273534852755,-8.726044576332711,-8.902061464672652,-8.814053020502682,0.06289695379757759,0.11413161543334231,-0.13197522666519212,0.1887717513887535,control
PbSTM101,Negsort,1,PBANKA_120780,0.004976804322504378,-8.685596925922571,-8.678558661752408,-8.68207779383749,0.08488203071938258,0.15036205798323266,RFPsort,0.12927628445296716,-8.952232610681085,-8.769408335914497,-8.86082047329779,0.1719542533698838,0.1904338548610875,-0.1787426794603011,0.24263924158760214,RFPsort
PbSTM101,Negsort,1,PBANKA_083110,0.10345917497477072,-8.917874620321829,-9.06418798872308,-8.991031304522455,0.17014722622098738,0.1810930584114822,RFPsort,0.06506810419104997,-8.398610512261975,-8.306590316837086,-8.352600414549531,0.12295778559376201,0.18634043641146994,0.6384308899729234,0.25984120929298643,RFPsort
PbSTM101,Negsort,1,PBANKA_083110,0.10345917497477072,-8.917874620321829,-9.06418798872308,-8.991031304522455,0.17014722622098738,0.1810930584114822,control,0.07869597768341043,-8.431845786965399,-8.32055286802131,-8.376199327493353,0.08480731522226242,0.11413161543334231,0.6148319770291018,0.21405775259552934,control
PbSTM101,Negsort,1,PBANKA_083110,0.10345917497477072,-8.917874620321829,-9.06418798872308,-8.991031304522455,0.17014722622098738,0.1810930584114822,GFPsort,0.019091297467892537,-9.211820256892409,-9.184821085090016,-9.198320670991212,0.15089017602307606,0.19082826989701848,-0.20728936646875695,0.2630781716462121,GFPsort
PbSTM101,Negsort,1,PBANKA_132610,0.17891242378476416,-8.991739858171446,-9.244760234364902,-9.118250046268173,0.1417415875147929,0.1810930584114822,RFPsort,0.1864899311037018,-8.839920112624847,-9.103656702437727,-8.971788407531287,0.17476730316347797,0.1904338548610875,0.146461638736886,0.26279221617482934,RFPsort
PbSTM101,Negsort,1,PBANKA_132610,0.17891242378476416,-8.991739858171446,-9.244760234364902,-9.118250046268173,0.1417415875147929,0.1810930584114822,control,0.13915797561925927,-9.222499252025592,-9.419298348458733,-9.320898800242162,0.09344503893665244,0.22158061750999478,-0.20264875397398896,0.2861689463602491,control
PbSTM101,Negsort,1,PBANKA_132610,0.17891242378476416,-8.991739858171446,-9.244760234364902,-9.118250046268173,0.1417415875147929,0.1810930584114822,GFPsort,0.2649640917706295,-9.628249647297924,-9.25353383517403,-9.440891741235976,0.16906591271161833,0.19082826989701848,-0.32264169496780326,0.2630781716462121,GFPsort
SP3,Negsort,1,PBANKA_071830,0.07376746591361351,-9.076057714638827,-9.180380665395754,-9.12821919001729,0.14583079535474194,0.1880492791234703,RFPsort,0.10727161416626414,-8.62289806372299,-8.774603035334575,-8.698750549528782,0.12855914624656614,0.17914457303733403,0.4294686404885084,0.2597215998479632,RFPsort
SP3,Negsort,1,PBANKA_071830,0.07376746591361351,-9.076057714638827,-9.180380665395754,-9.12821919001729,0.14583079535474194,0.1880492791234703,GFPsort,0.24376428989620222,-8.895987509784929,-8.551252744991473,-8.723620127388202,0.1320909434968802,0.16383303576720418,0.40459906262908873,0.24940688640764283,GFPsort
SP3,Negsort,1,PBANKA_071830,0.07376746591361351,-9.076057714638827,-9.180380665395754,-9.12821919001729,0.14583079535474194,0.1880492791234703,sort2,0.06348728350721726,-9.116154962743328,-9.026370385369196,-9.071262674056262,0.10795638090500516,0.2483877302842528,0.05695651596102813,0.31154292791623367,sort2
SP3,Negsort,1,PBANKA_071830,0.07376746591361351,-9.076057714638827,-9.180380665395754,-9.12821919001729,0.14583079535474194,0.1880492791234703,sort4,0.43128909497759715,-8.834791558511206,-9.444726445932142,-9.139759002221673,0.3620152491394012,0.5082423644626227,-0.011539812204382827,0.5419158905341439,sort4
PbSTM101,Negsort,3,PBANKA_120780,0.1271968546931323,-9.094443544428414,-9.274327061426641,-9.184385302927527,0.157663659873476,0.17246214532946508,RFPsort,0.062003460001121544,-8.587398552226958,-8.499712418179314,-8.543555485203136,0.11706815199579462,0.15181824293948049,0.6408298177243914,0.229765033155336,RFPsort
PbSTM101,Negsort,3,PBANKA_120780,0.1271968546931323,-9.094443544428414,-9.274327061426641,-9.184385302927527,0.157663659873476,0.17246214532946508,GFPsort,0.154064873361557,-8.633310197514477,-8.851190830907685,-8.742250514211081,0.13195999320313018,0.1996610167894805,0.4421347887164462,0.2638327371594563,GFPsort
PbSTM101,Negsort,3,PBANKA_120780,0.1271968546931323,-9.094443544428414,-9.274327061426641,-9.184385302927527,0.157663659873476,0.17246214532946508,control,0.019821968302805467,-9.178110474065445,-9.206142970472202,-9.192126722268824,0.13152452859049454,0.1718333273353253,-0.007741419341297018,0.24345406949724743,control
PbSTM101,Negsort,2,PBANKA_071830,0.06925423579046071,-9.15811152314119,-9.256051802647844,-9.207081662894517,0.12205455865819656,0.1912650409145436,RFPsort,0.05063308734496612,-8.844855033969957,-8.91646103279803,-8.880658033383993,0.11406165182559319,0.18124200911699392,0.32642362951052384,0.263497593432666,RFPsort
PbSTM101,Negsort,2,PBANKA_071830,0.06925423579046071,-9.15811152314119,-9.256051802647844,-9.207081662894517,0.12205455865819656,0.1912650409145436,GFPsort,0.21812079920255703,-9.214411722940847,-8.905942330472932,-9.060177026706889,0.08155690141345266,0.17714495847856376,0.14690463618762806,0.2606964752167051,GFPsort
PbSTM101,Negsort,2,PBANKA_071830,0.06925423579046071,-9.15811152314119,-9.256051802647844,-9.207081662894517,0.12205455865819656,0.1912650409145436,control,0.09195338400281289,-9.151493077445311,-9.28153480020819,-9.21651393882675,0.16707353213213694,0.2569116518683438,-0.009432275932233836,0.32029035692908886,control
PbSTM101,Negsort,2,PBANKA_051820,0.2620046510409365,-9.502505676561453,-9.13197514565453,-9.317240411107992,0.1407925682714459,0.1912650409145436,RFPsort,0.08038563769704637,-8.85266395718072,-8.966346416231893,-8.909505186706307,0.10640442881265066,0.18124200911699392,0.4077352244016854,0.263497593432666,RFPsort
PbSTM101,Negsort,2,PBANKA_051820,0.2620046510409365,-9.502505676561453,-9.13197514565453,-9.317240411107992,0.1407925682714459,0.1912650409145436,GFPsort,0.047991847667211575,-9.040325498420692,-8.972454776566378,-9.006390137493536,0.10126589071576066,0.17714495847856376,0.31085027361445583,0.2606964752167051,GFPsort
PbSTM101,Negsort,2,PBANKA_051820,0.2620046510409365,-9.502505676561453,-9.13197514565453,-9.317240411107992,0.1407925682714459,0.1912650409145436,control,0.15919172001525525,-9.005040210121509,-9.230171299584583,-9.117605754853045,0.1704810362131786,0.2569116518683438,0.19963465625494692,0.32029035692908886,control
PbSTM101,Negsort,2,PBANKA_120780,0.02501969819326492,-9.417948566486526,-9.453331762997923,-9.435640164742225,0.11640480748031984,0.1912650409145436,GFPsort,0.056933898923753265,-9.000976830944868,-8.920460138928117,-8.960718484936493,0.10066099791096118,0.17714495847856376,0.47492167980573186,0.2606964752167051,GFPsort
PbSTM101,Negsort,2,PBANKA_120780,0.02501969819326492,-9.417948566486526,-9.453331762997923,-9.435640164742225,0.11640480748031984,0.1912650409145436,RFPsort,0.05569416102483609,-9.076688571293241,-8.997925133426927,-9.037306852360084,0.15531271420166973,0.20339336199401295,0.39833331238214065,0.2791973774577219,RFPsort
PbSTM101,Negsort,2,PBANKA_120780,0.02501969819326492,-9.417948566486526,-9.453331762997923,-9.435640164742225,0.11640480748031984,0.1912650409145436,control,0.11607754880182697,-9.195510916829567,-9.359669360632136,-9.27759013873085,0.11522433987463745,0.2569116518683438,0.15805002601137375,0.32029035692908886,control
PbSTM101,Negsort,3,PBANKA_051820,0.045814802845027355,-9.406459755895236,-9.471251671436123,-9.43885571366568,0.11342038554814615,0.17269112817708096,GFPsort,0.15949409665345707,-9.42533346581609,-9.650892180421854,-9.538112823118972,0.20363905411503194,0.2996502126370314,-0.09925710945329236,0.3458503660320329,GFPsort
PbSTM101,Negsort,3,PBANKA_051820,0.045814802845027355,-9.406459755895236,-9.471251671436123,-9.43885571366568,0.11342038554814615,0.17269112817708096,RFPsort,0.20500673697933425,-9.78027188664335,-9.490348578829321,-9.635310232736336,0.17971764673083782,0.24130109338795702,-0.19645451907065592,0.29672957961972135,RFPsort
PbSTM101,Negsort,3,PBANKA_051820,0.045814802845027355,-9.406459755895236,-9.471251671436123,-9.43885571366568,0.11342038554814615,0.17269112817708096,control,0.0172560609562144,-9.72360307019196,-9.748006825629375,-9.735804947910667,0.10091451474876476,0.21645260946608672,-0.29694923424498754,0.27690062819674366,control
PbSTM101,Negsort,2,PBANKA_132610,0.25707161883670626,-9.272255644923243,-9.63580981478332,-9.454032729853282,0.14576375955619866,0.1912650409145436,GFPsort,0.13495211195634682,-9.184715407755869,-9.375566514755427,-9.280140961255647,0.09966951334390929,0.17714495847856376,0.17389176859763467,0.2606964752167051,GFPsort
PbSTM101,Negsort,2,PBANKA_132610,0.25707161883670626,-9.272255644923243,-9.63580981478332,-9.454032729853282,0.14576375955619866,0.1912650409145436,control,0.11684184623554233,-9.409238477038887,-9.243999153439871,-9.326618815239378,0.11442853520577426,0.2569116518683438,0.1274139146139035,0.32029035692908886,control
PbSTM101,Negsort,2,PBANKA_132610,0.25707161883670626,-9.272255644923243,-9.63580981478332,-9.454032729853282,0.14576375955619866,0.1912650409145436,RFPsort,0.27430692002513885,-9.36975614420521,-9.757684710757554,-9.563720427481382,0.21117988330392573,0.2140505142779134,-0.10968769762810027,0.28705389483280186,RFPsort
SP3,Negsort,2,PBANKA_083110,0.16950009165179114,-9.617408766775162,-9.377699438337716,-9.497554102556439,0.13182745960327777,0.20323723730430351,sort2,0.5080128278006593,-10.160523366258662,-9.442084735323462,-9.801304050791062,0.22426999315245363,0.3343154511008181,-0.3037499482346231,0.3912444190935243,sort2
SP3,Negsort,2,PBANKA_083110,0.16950009165179114,-9.617408766775162,-9.377699438337716,-9.497554102556439,0.13182745960327777,0.20323723730430351,sort4,0.02781636292384078,-10.002406868075575,-10.041745145778362,-10.02207600692697,0.5100848436198322,0.5850298289841075,-0.5245219043705305,0.619326469181045,sort4
SP3,Negsort,2,PBANKA_083110,0.16950009165179114,-9.617408766775162,-9.377699438337716,-9.497554102556439,0.13182745960327777,0.20323723730430351,RFPsort,0.17601563812054183,-10.090992168028482,-10.339915870648307,-10.215454019338395,0.1602955357217647,0.2504429838704435,-0.7178999167819562,0.3225322662882227,RFPsort
SP3,Negsort,2,PBANKA_083110,0.16950009165179114,-9.617408766775162,-9.377699438337716,-9.497554102556439,0.13182745960327777,0.20323723730430351,GFPsort,0.3374145757651534,-10.789358347881336,-10.312182078691892,-10.550770213286615,0.1896602947441469,0.2925391404377317,-1.053216110730176,0.3562085390822807,GFPsort
SP3,Negsort,1,PBANKA_120780,0.35153558233178994,-9.37110935734841,-9.86825574553875,-9.61968255144358,0.16282775649958614,0.1880492791234703,GFPsort,0.11448374555013402,-8.956661682843116,-8.794757217214846,-8.875709450028982,0.11453963270044097,0.16484962364147726,0.743973101414598,0.2500758480813242,GFPsort
SP3,Negsort,1,PBANKA_120780,0.35153558233178994,-9.37110935734841,-9.86825574553875,-9.61968255144358,0.16282775649958614,0.1880492791234703,sort4,0.5006340624791672,-8.75470070591722,-9.462704186861197,-9.10870244638921,0.3758953388444088,0.5082423644626227,0.5109801050543705,0.5419158905341439,sort4
SP3,Negsort,1,PBANKA_120780,0.35153558233178994,-9.37110935734841,-9.86825574553875,-9.61968255144358,0.16282775649958614,0.1880492791234703,RFPsort,0.013905862362155552,-9.161937356398948,-9.181603215548002,-9.171770285973475,0.10248294714442041,0.17914457303733403,0.4479122654701051,0.2597215998479632,RFPsort
SP3,Negsort,1,PBANKA_120780,0.35153558233178994,-9.37110935734841,-9.86825574553875,-9.61968255144358,0.16282775649958614,0.1880492791234703,sort2,0.06577028815520337,-9.808946343814885,-9.71593311030461,-9.762439727059746,0.24271719282577953,0.29112127583362274,-0.14275717561616652,0.34657485284113315,sort2
SP3,Negsort,1,PBANKA_051060,0.37965692158923886,-9.429003037196573,-9.965919004756893,-9.697461020976732,0.18694036384304236,0.21245200569872144,sort4,0.8243916138509227,-9.319630250719822,-10.48549605173444,-9.902563151227131,0.46858112545698205,0.608042076242603,-0.20510213025039903,0.6440892959883939,sort4
SP3,Negsort,1,PBANKA_051060,0.37965692158923886,-9.429003037196573,-9.965919004756893,-9.697461020976732,0.18694036384304236,0.21245200569872144,RFPsort,0.5125367805178696,-9.541116019060826,-10.26595248528424,-9.903534252172534,0.21912037619412442,0.2843413155951526,-0.206073231195802,0.3549448386436852,RFPsort
SP3,Negsort,1,PBANKA_051060,0.37965692158923886,-9.429003037196573,-9.965919004756893,-9.697461020976732,0.18694036384304236,0.21245200569872144,GFPsort,0.002564596751147163,-10.009918264369588,-10.013545151877079,-10.011731708123333,0.13655353865645783,0.28706112985785487,-0.31427068714660145,0.35712735403589263,GFPsort
SP3,Negsort,1,PBANKA_051060,0.37965692158923886,-9.429003037196573,-9.965919004756893,-9.697461020976732,0.18694036384304236,0.21245200569872144,sort2,0.2842556497734594,-9.834767078515247,-10.23676527360605,-10.035766176060648,0.29196104823191527,0.4043567292101297,-0.33830515508391557,0.4567715174821256,sort2
SP3,Negsort,2,PBANKA_071830,0.04292207193911187,-9.75461485829213,-9.693913882030685,-9.724264370161407,0.13199386343305575,0.23299819682354916,GFPsort,0.05503055168924345,-9.341727016206978,-9.263902063663176,-9.302814539935078,0.14262573350913893,0.16145034356509805,0.4214498302263294,0.2834684694288124,GFPsort
SP3,Negsort,2,PBANKA_071830,0.04292207193911187,-9.75461485829213,-9.693913882030685,-9.724264370161407,0.13199386343305575,0.23299819682354916,RFPsort,0.1299813581081481,-9.239561293673404,-9.423382693165621,-9.3314719934195125,0.13141796262255662,0.19707162219754074,0.3927923767418946,0.3051645195605079,RFPsort
SP3,Negsort,2,PBANKA_071830,0.04292207193911187,-9.75461485829213,-9.693913882030685,-9.724264370161407,0.13199386343305575,0.23299819682354916,sort2,0.10299473145890976,-9.668585681670578,-9.522929135588413,-9.595757408629495,0.2040043416401622,0.3343154511008181,0.12850696153191166,0.40749844241146355,sort2
SP3,Negsort,2,PBANKA_071830,0.04292207193911187,-9.75461485829213,-9.693913882030685,-9.724264370161407,0.13199386343305575,0.23299819682354916,sort4,0.34747053449344184,-10.362378666630304,-9.87098112422465,-10.116679895427477,0.47967628866798145,0.5850298289841075,-0.3924155252660704,0.6297206210091897,sort4
PbSTM101,Negsort,1,PBANKA_051060,0.16184514333082306,-9.610939728352362,-9.839823325055029,-9.725381526703696,0.13200937873523066,0.22028607662031546,control,0.28428026576022747,-9.565664936116672,-9.967697943469814,-9.766681439793242,0.17437324229836487,0.22158061750999478,-0.041299913089545726,0.3124482766937307,control
PbSTM101,Negsort,1,PBANKA_051060,0.16184514333082306,-9.610939728352362,-9.839823325055029,-9.725381526703696,0.13200937873523066,0.22028607662031546,RFPsort,0.4245867616987881,-10.273079630178117,-9.672623273379617,-9.972851451778867,0.183186500019623,0.3119285470690785,-0.24746992507517085,0.3818708865957155,RFPsort
PbSTM101,Negsort,1,PBANKA_051060,0.16184514333082306,-9.610939728352362,-9.839823325055029,-9.725381526703696,0.13200937873523066,0.22028607662031546,GFPsort,0.33368544962759683,-10.432358909851875,-9.960456421421963,-10.196407665636919,0.16229222634188745,0.2188162373729601,-0.4710261389332224,0.3104939633726091,GFPsort
PbSTM101,Negsort,3,PBANKA_071830,0.012663001111584974,-9.738168871575184,-9.756077059487533,-9.747122965531357,0.1764762941692099,0.19294885431389097,control,0.010686625569624247,-9.309355007343697,-9.294241836527132,-9.301798421935414,0.1398116254899922,0.1718333273353253,0.44532454359594276,0.2583717336787679,control
PbSTM101,Negsort,3,PBANKA_071830,0.012663001111584974,-9.738168871575184,-9.756077059487533,-9.747122965531357,0.1764762941692099,0.19294885431389097,RFPsort,0.1337248152306972,-9.53253661719244,-9.343421169867351,-9.437978893529895,0.1795386213059427,0.24130109338795702,0.30914407200146243,0.3089586995882567,RFPsort
PbSTM101,Negsort,3,PBANKA_071830,0.012663001111584974,-9.738168871575184,-9.756077059487533,-9.747122965531357,0.1764762941692099,0.19294885431389097,GFPsort,0.1340561066931669,-9.737382651662163,-9.547798687457751,-9.642590669559958,0.18585290056597173,0.2996502126370314,0.10453229597139924,0.3563979662041596,GFPsort
SP3,Negsort,2,PBANKA_120780,0.1250237291338028,-10.09216647764,-9.915356224280515,-10.003761350960257,0.14778638197187546,0.24838660337589233,RFPsort,0.10319491185855384,-8.765201433508722,-8.619261789590459,-8.692231611549591,0.10522015470618545,0.16348903222304975,1.3115297394106662,0.2973626883014112,RFPsort
SP3,Negsort,2,PBANKA_120780,0.1250237291338028,-10.09216647764,-9.915356224280515,-10.003761350960257,0.14778638197187546,0.24838660337589233,GFPsort,0.1034876367184149,-8.669115824590014,-8.815469443975136,-8.742292634282574,0.10957887540874583,0.16145034356509805,1.2614687166776832,0.29624671841878863,GFPsort
SP3,Negsort,2,PBANKA_120780,0.1250237291338028,-10.09216647764,-9.915356224280515,-10.003761350960257,0.14778638197187546,0.24838660337589233,sort4,0.3484994486331573,-8.622495589081803,-9.11534823581836,-8.86892191245008,0.2786292510418909,0.40445410048566044,1.134839438510177,0.47463567516177874,sort4
SP3,Negsort,2,PBANKA_120780,0.1250237291338028,-10.09216647764,-9.915356224280515,-10.003761350960257,0.14778638197187546,0.24838660337589233,sort2,0.3788054371508039,-9.13599035451472,-9.671702141234055,-9.403846247874387,0.22839092631913738,0.3343154511008181,0.5999151030858698,0.41648856596712996,sort2
SP3,Negsort,3,PBANKA_051060,0.3212104067707662,-9.788755148785933,-10.24301526241653,-10.015885205601231,0.1286743309801452,0.31148489433521404,GFPsort,0.35836365657335084,-9.441734130066289,-9.948536873453936,-9.695135501760113,0.1776712436011967,0.2147916534295837,0.320749703841118,0.3783626485027742,GFPsort
SP3,Negsort,3,PBANKA_051060,0.3212104067707662,-9.788755148785933,-10.24301526241653,-10.015885205601231,0.1286743309801452,0.31148489433521404,RFPsort,0.15762002400731656,-9.620751934415349,-9.843660310068069,-9.73220612224171,0.19317241493752677,0.3070425646771778,0.2836790833595213,0.43737624069279113,RFPsort
SP3,Negsort,3,PBANKA_051060,0.3212104067707662,-9.788755148785933,-10.24301526241653,-10.015885205601231,0.1286743309801452,0.31148489433521404,sort4,0.2801010394672776,-10.37800498787766,-9.981882299028234,-10.179943643452948,0.46324670820027286,0.7339352973260503,-0.16405843785171648,0.797297849025129,sort4
SP3,Negsort,3,PBANKA_051060,0.3212104067707662,-9.788755148785933,-10.24301526241653,-10.015885205601231,0.1286743309801452,0.31148489433521404,sort2,0.4297750929215969,-9.901155535350126,-10.508949300530006,-10.205052417940067,0.20806368315372065,0.33096723333209954,-0.1891672123388357,0.45449108785379266,sort2
SP3,Negsort,3,PBANKA_083110,0.5802928069691783,-10.466432389680302,-9.645774431916937,-10.05610341079862,0.2151334784414103,0.31148489433521404,sort2,0.2821910680791537,-9.855865424839248,-10.254943860497336,-10.055404642668293,0.284164051496118,0.3208001589708965,6.987681303272097e-4,0.4471415675094096,sort2
SP3,Negsort,3,PBANKA_083110,0.5802928069691783,-10.466432389680302,-9.645774431916937,-10.05610341079862,0.2151334784414103,0.31148489433521404,RFPsort,0.2418421743285034,-10.33598159893026,-9.9939651160410925,-10.164973357485676,0.16840523402209367,0.3070425646771778,-0.10886994668705618,0.43737624069279113,RFPsort
SP3,Negsort,3,PBANKA_083110,0.5802928069691783,-10.466432389680302,-9.645774431916937,-10.05610341079862,0.2151334784414103,0.31148489433521404,GFPsort,0.00937969329204406,-10.348315433136182,-10.361580322600691,-10.354947877868437,0.20729121101155734,0.2759202969988119,-0.2988444670698165,0.4161187927682815,GFPsort
SP3,Negsort,3,PBANKA_083110,0.5802928069691783,-10.466432389680302,-9.645774431916937,-10.05610341079862,0.2151334784414103,0.31148489433521404,sort4,0.9409496715425942,-12.130912125912888,-10.800208338906842,-11.465560232409864,0.8183193156180905,1.0938829885928967,-1.4094568216112435,1.1373666216888672,sort4
SP3,Negsort,3,PBANKA_120780,0.20193807586536197,-9.98733318248207,-10.272916748130392,-10.13012496530623,0.18477575847115615,0.31148489433521404,sort4,0.10143873832195882,-9.753085705731117,-9.609629666246187,-9.681357685988651,0.5748085763166283,0.6823088003863765,0.448767279317579,0.7500454242802336,sort4
SP3,Negsort,3,PBANKA_120780,0.20193807586536197,-9.98733318248207,-10.272916748130392,-10.13012496530623,0.18477575847115615,0.31148489433521404,sort2,0.16202102690445463,-9.682053183947863,-9.911185517585759,-9.796619350766811,0.1709180202600161,0.3187214393312677,0.33350561453941907,0.4456525499628768,sort2
SP3,Negsort,3,PBANKA_120780,0.20193807586536197,-9.98733318248207,-10.272916748130392,-10.13012496530623,0.18477575847115615,0.31148489433521404,RFPsort,0.3877065690586161,-9.788966973537187,-10.337266861721023,-10.063116917629106,0.21222957319641733,0.3070425646771778,0.06700804767712398,0.43737624069279113,RFPsort
SP3,Negsort,3,PBANKA_120780,0.20193807586536197,-9.98733318248207,-10.272916748130392,-10.13012496530623,0.18477575847115615,0.31148489433521404,GFPsort,0.2864418253198089,-10.41476708246602,-10.00967716826784,-10.21222212536693,0.2164455295828436,0.2759202969988119,-0.08209716006069989,0.4161187927682815,GFPsort
PbSTM101,Negsort,3,PBANKA_132610,0.2284865194141003,-9.972056931749462,-10.295185666324306,-10.133621299036884,0.19872712930286254,0.21750857219384512,RFPsort,0.09070760947723529,-9.443084724370555,-9.314804792837407,-9.378944758603982,0.21875977929644239,0.24130109338795702,0.7546765404329019,0.3248633507307783,RFPsort
PbSTM101,Negsort,3,PBANKA_132610,0.2284865194141003,-9.972056931749462,-10.295185666324306,-10.133621299036884,0.19872712930286254,0.21750857219384512,GFPsort,0.4057437108160361,-9.839354624763441,-9.265546366079816,-9.552450495421628,0.2037382045341932,0.2996502126370314,0.5811708036152563,0.3702704807451213,GFPsort
PbSTM101,Negsort,3,PBANKA_132610,0.2284865194141003,-9.972056931749462,-10.295185666324306,-10.133621299036884,0.19872712930286254,0.21750857219384512,control,0.015272005764864895,-9.76849053669501,-9.790088414372322,-9.779289475533666,0.14685931723396062,0.21645260946608672,0.3543318235032178,0.3068578027726905,control
SP3,Negsort,1,PBANKA_083110,0.09902397064930829,-10.259835554827001,-10.119794512534714,-10.189815033680858,0.16125622981224383,0.22911335211330952,sort2,0.11128211339154274,-10.451004284569587,-10.293627610561726,-10.372315947565657,0.39073090472678834,0.40902682585590805,-0.18250091388479817,0.4688239247162592,sort2
SP3,Negsort,1,PBANKA_083110,0.09902397064930829,-10.259835554827001,-10.119794512534714,-10.189815033680858,0.16125622981224383,0.22911335211330952,RFPsort,0.3911840356903391,-10.703112124477782,-10.149894355820663,-10.426503240149223,0.22116084807263886,0.2843413155951526,-0.23668820646836508,0.3651614873874017,RFPsort
SP3,Negsort,1,PBANKA_083110,0.09902397064930829,-10.259835554827001,-10.119794512534714,-10.189815033680858,0.16125622981224383,0.22911335211330952,GFPsort,0.10217120162794013,-10.469852301622755,-10.614344200648944,-10.54209825113585,0.19584659026653117,0.32313141682520646,-0.3522832174549908,0.3961146811922813,GFPsort
SP3,Negsort,1,PBANKA_083110,0.09902397064930829,-10.259835554827001,-10.119794512534714,-10.189815033680858,0.16125622981224383,0.22911335211330952,sort4,0.4797381447963958,-10.206846846559353,-10.885299037318124,-10.54607294193874,0.6620564604174736,0.8850568577083845,-0.35625790825788073,0.9142311357054281,sort4
SP3,Negsort,2,PBANKA_132610,0.10645473086496966,-10.2960757203767,-10.145525996208683,-10.22080085829269,0.14258238584952734,0.26842907322630216,GFPsort,0.18871462700978303,-10.317289903566113,-10.050407118630698,-10.183848511098406,0.2925391404377317,0.2925391404377317,0.036952347194285196,0.3970306235558895,GFPsort
SP3,Negsort,2,PBANKA_132610,0.10645473086496966,-10.2960757203767,-10.145525996208683,-10.22080085829269,0.14258238584952734,0.26842907322630216,sort2,0.3729255172179445,-10.050620371488003,-10.578016695692622,-10.314318533590313,0.32333422332171247,0.38106281655811663,-0.09351767529762256,0.4661148329718079,sort2
SP3,Negsort,2,PBANKA_132610,0.10645473086496966,-10.2960757203767,-10.145525996208683,-10.22080085829269,0.14258238584952734,0.26842907322630216,RFPsort,0.06161638443488072,-10.479205879231616,-10.392067152699413,-10.435636515965514,0.15731344534610037,0.2504429838704435,-0.21483565767282364,0.3671183127045867,RFPsort
SP3,Negsort,2,PBANKA_132610,0.10645473086496966,-10.2960757203767,-10.145525996208683,-10.22080085829269,0.14258238584952734,0.26842907322630216,sort4,0.834084074220972,-10.135820215714302,-11.315393225637008,-10.725606720675655,0.4894557955602838,0.7194505621564097,-0.5048058623829643,0.7678953566341611,sort4
SP3,Negsort,2,PBANKA_051820,0.07892741403955972,-10.404823383628726,-10.293203164250944,-10.349013273939835,0.25319078784123544,0.2775419012127895,sort4,0.4368195512637035,-9.670500961992635,-10.288257095699494,-9.979379028846065,0.33239561408028884,0.5850298289841075,0.36963424509377063,0.6475256039184736,sort4
SP3,Negsort,2,PBANKA_051820,0.07892741403955972,-10.404823383628726,-10.293203164250944,-10.349013273939835,0.25319078784123544,0.2775419012127895,RFPsort,0.04091441328615811,-10.316611374518851,-10.374473092684674,-10.345542233601762,0.18921979061907115,0.2504429838704435,0.00347104033807355,0.37383311129264757,RFPsort
SP3,Negsort,2,PBANKA_051820,0.07892741403955972,-10.404823383628726,-10.293203164250944,-10.349013273939835,0.25319078784123544,0.2775419012127895,GFPsort,0.06331782528021626,-10.401727005943144,-10.312182078691892,-10.356954542317517,0.22128896445454416,0.2925391404377317,-0.00794126837768161,0.4032476355998343,GFPsort
SP3,Negsort,2,PBANKA_051820,0.07892741403955972,-10.404823383628726,-10.293203164250944,-10.349013273939835,0.25319078784123544,0.2775419012127895,sort2,0.5963567923685534,-10.17583061904651,-11.019206482827434,-10.597518550936972,0.33706046220123004,0.415133070665801,-0.2485052769971361,0.49936456951732844,sort2
PbSTM101,Negsort,3,PBANKA_051060,0.23123595841642255,-10.279629733659753,-10.606646762160599,-10.443138247910177,0.23358741857867332,0.29329319592799163,RFPsort,0.011027431094869295,-9.5826134896615809,-9.567018347049082,-9.57481591835533,0.17436100307543376,0.24130109338795702,0.8683223295548466,0.37979878415797863,RFPsort
PbSTM101,Negsort,3,PBANKA_051060,0.23123595841642255,-10.279629733659753,-10.606646762160599,-10.443138247910177,0.23358741857867332,0.29329319592799163,control,0.20829511427516334,-10.063798398362858,-10.358372173946847,-10.211085286154852,0.23346373529696926,0.33459276759776396,0.23205296175532553,0.444941815192039,control
PbSTM101,Negsort,3,PBANKA_051060,0.23123595841642255,-10.279629733659753,-10.606646762160599,-10.443138247910177,0.23358741857867332,0.29329319592799163,GFPsort,0.08432847396301897,-10.17660351893456,-10.295861990507287,-10.236232754720923,0.20376871184390302,0.33830616899902144,0.20690549318925378,0.4477409549733526,GFPsort
SP3,Negsort,2,PBANKA_051060,0.16390644119240338,-10.831890571768769,-10.600091859674164,-10.715991215721466,0.1964609618583258,0.39851909067052954,sort2,0.3387530563765181,-10.064799306657767,-10.543868473280776,-10.304333889969271,0.3586051894646456,0.38106281655811663,0.41165732575219494,0.5513858320559848,sort2
SP3,Negsort,2,PBANKA_051060,0.16390644119240338,-10.831890571768769,-10.600091859674164,-10.715991215721466,0.1964609618583258,0.39851909067052954,RFPsort,0.11637264310594565,-10.263336581476503,-10.427912351646135,-10.345624466561318,0.19969444743083467,0.2504429838704435,0.3703667491601479,0.47067945971626696,RFPsort
SP3,Negsort,2,PBANKA_051060,0.16390644119240338,-10.831890571768769,-10.600091859674164,-10.715991215721466,0.1964609618583258,0.39851909067052954,GFPsort,0.7308263171947912,-9.985701697628182,-11.019246187144237,-10.50247394238621,0.25029623006158463,0.2925391404377317,0.21351727333525616,0.49436485950855436,GFPsort
SP3,Negsort,2,PBANKA_051060,0.16390644119240338,-10.831890571768769,-10.600091859674164,-10.715991215721466,0.1964609618583258,0.39851909067052954,sort4,0.12706338438403325,-12.081927207719101,-12.261621969196026,-12.171774588457563,0.8626952315689885,1.0363359649108117,-1.4557833727360965,1.1103196376703823,sort4
PbSTM101,Negsort,1,PBANKA_051820,0.15036583831383268,-10.83056306046846,-10.617913652607438,-10.724238356537949,0.181415287759236,0.2883151682586669,RFPsort,0.06519534848558127,-9.491425218451862,-9.399225072419913,-9.445325145435888,0.18773307447025148,0.24444900977673506,1.2789132111020614,0.37799597170981825,RFPsort
PbSTM101,Negsort,1,PBANKA_051820,0.15036583831383268,-10.83056306046846,-10.617913652607438,-10.724238356537949,0.181415287759236,0.2883151682586669,control,0.12832901319961912,-10.184265033538116,-10.002780402625259,-10.093522718081687,0.09875396410798408,0.2599988333158637,0.6307156384562624,0.38823321544354455,control
PbSTM101,Negsort,1,PBANKA_051820,0.15036583831383268,-10.83056306046846,-10.617913652607438,-10.724238356537949,0.181415287759236,0.2883151682586669,GFPsort,0.15782323568761727,-10.425889414522317,-10.202693654155283,-10.3142915343388,0.201817429180202,0.2355065290675843,0.40994682219914935,0.37227538393168613,GFPsort
SP3,Negsort,1,PBANKA_132610,0.478995481296731,-11.117563999399724,-10.44016209343446,-10.778863046417092,0.3930975307195679,0.3930975307195679,RFPsort,0.0179569794487795,-10.729224964796913,-10.703829960921194,-10.716527462859053,0.2102257666888019,0.2843413155951526,0.062335583558038365,0.48515528690534104,RFPsort
SP3,Negsort,1,PBANKA_132610,0.478995481296731,-11.117563999399724,-10.44016209343446,-10.778863046417092,0.3930975307195679,0.3930975307195679,sort4,0.8976644261276693,-10.206846846559353,-11.476336052448964,-10.841591449504158,0.8199964582703161,0.8850568577083845,-0.06272840308706584,0.9684272352812374,sort4
SP3,Negsort,1,PBANKA_132610,0.478995481296731,-11.117563999399724,-10.44016209343446,-10.778863046417092,0.3930975307195679,0.3930975307195679,GFPsort,0.11830449700740672,-11.278589777730478,-11.111281953572876,-11.194935865651676,0.23523019576175563,0.32892200618666173,-0.41607281923458395,0.5125576599873227,GFPsort
SP3,Negsort,1,PBANKA_132610,0.478995481296731,-11.117563999399724,-10.44016209343446,-10.778863046417092,0.3930975307195679,0.3930975307195679,sort2,0.9568234759393625,-12.026017124883138,-10.672864388412725,-11.349440756647931,0.42185397487080306,0.4773783707611848,-0.5705777102308396,0.6183977502614517,sort2
SP3,Negsort,3,PBANKA_132610,0.2060729497807906,-10.79073009097099,-11.082161251389214,-10.936445671180103,0.3691603121324913,0.3691603121324913,RFPsort,0.3267658718998949,-11.331494207937945,-10.869377480176444,-11.100435844057195,0.3638718756559891,0.4006684749489537,-0.16399017287709228,0.5448069042070582,RFPsort
SP3,Negsort,3,PBANKA_132610,0.2060729497807906,-10.79073009097099,-11.082161251389214,-10.936445671180103,0.3691603121324913,0.3691603121324913,sort2,0.8872563564528521,-10.6513266683156,-11.90609664091296,-11.27871165461428,0.46837747381470146,0.6756212883364564,-0.3422659834341779,0.7698983447879152,sort2
SP3,Negsort,3,PBANKA_132610,0.2060729497807906,-10.79073009097099,-11.082161251389214,-10.936445671180103,0.3691603121324913,0.3691603121324913,GFPsort,0.05024144791370448,-11.489534850867992,-11.41848271383517,-11.45400878235158,0.41258086063849436,0.41695552609949355,-0.5175631111714782,0.5568942869150876,GFPsort
SP3,Negsort,3,PBANKA_132610,0.2060729497807906,-10.79073009097099,-11.082161251389214,-10.936445671180103,0.3691603121324913,0.3691603121324913,sort4,0.007917125725317775,-11.504977844135425,-11.493781337559668,-11.499379590847546,0.6145221502507208,1.0938829885928967,-0.5629339196674437,1.1544952701447875,sort4
SP3,Negsort,1,PBANKA_051820,0.047224583325924475,-11.004906198630263,-10.938120552413322,-10.971513375521791,0.15826325506138206,0.3948749033428767,RFPsort,0.07375863060898397,-10.579199520792306,-10.683509976541599,-10.631354748666952,0.21421698144690227,0.2843413155951526,0.3401586268548389,0.48659651976193624,RFPsort
SP3,Negsort,1,PBANKA_051820,0.047224583325924475,-11.004906198630263,-10.938120552413322,-10.971513375521791,0.15826325506138206,0.3948749033428767,GFPsort,0.06504657602480829,-10.846706607013711,-10.754716857013495,-10.800711732013603,0.299539205413047,0.32892200618666173,0.17080164350818805,0.5139220519143974,GFPsort
SP3,Negsort,1,PBANKA_051820,0.047224583325924475,-11.004906198630263,-10.938120552413322,-10.971513375521791,0.15826325506138206,0.3948749033428767,sort4,1.269495688392018,-11.761673629307191,-9.96633560940903,-10.864004619358111,0.9749380504213875,0.9749380504213875,0.10750875616368027,1.0518699498747468,sort4
SP3,Negsort,1,PBANKA_051820,0.047224583325924475,-11.004906198630263,-10.938120552413322,-10.971513375521791,0.15826325506138206,0.3948749033428767,sort2,0.06358490389619825,-11.12608407998706,-11.216006713439253,-11.171045396713156,0.24444841198360948,0.4773783707611848,-0.1995320211913647,0.6195290938774783,sort2
SP3,Negsort,3,PBANKA_051820,0.17924686677662816,-11.389593408508409,-11.136100058500018,-11.262846733504214,0.19050288846659652,0.3691603121324913,RFPsort,0.225046654985334,-11.14671124776852,-10.828447216121562,-10.987579231945041,0.25128038207501724,0.3715314325151015,0.27526750155917235,0.523750839045134,RFPsort
SP3,Negsort,3,PBANKA_051820,0.17924686677662816,-11.389593408508409,-11.136100058500018,-11.262846733504214,0.19050288846659652,0.3691603121324913,sort2,0.11003284599810226,-11.071902351135874,-10.916292408018847,-10.994097379577362,0.37130618526053055,0.45037711177132844,0.26874935392685195,0.582339144194551,sort2
SP3,Negsort,3,PBANKA_051820,0.17924686677662816,-11.389593408508409,-11.136100058500018,-11.262846733504214,0.19050288846659652,0.3691603121324913,GFPsort,0.029404688784171608,-11.051657375231036,-11.093241884906972,-11.072449630069004,0.24616307222040465,0.29977109226228627,0.19039710343520966,0.4755439451931677,GFPsort
SP3,Negsort,3,PBANKA_051820,0.17924686677662816,-11.389593408508409,-11.136100058500018,-11.262846733504214,0.19050288846659652,0.3691603121324913,sort4,4.745816010006003,-11.122033974566435,-17.833631340444292,-14.477832657505363,4.90768953363391,5.500608558930806,-3.21498592400115,5.512982301317192,sort4
PbSTM101,Negsort,2,PBANKA_051060,0.8828431801545141,-12.119757715239116,-10.871228916416008,-11.495493315827563,0.3498942553043231,0.35842200309893274,GFPsort,0.33554158943163515,-10.91923368150333,-10.444706214988887,-10.68196994824611,0.2842990836813618,0.33394535412828924,0.8135233675814533,0.4898834880349815,GFPsort
PbSTM101,Negsort,2,PBANKA_051060,0.8828431801545141,-12.119757715239116,-10.871228916416008,-11.495493315827563,0.3498942553043231,0.35842200309893274,RFPsort,0.049655128549404036,-10.831290306388153,-10.761067350152207,-10.796178828270179,0.26377253083593893,0.3091532415469907,0.699314487557384,0.47333081355904066,RFPsort
PbSTM101,Negsort,2,PBANKA_051060,0.8828431801545141,-12.119757715239116,-10.871228916416008,-11.495493315827563,0.3498942553043231,0.35842200309893274,control,0.5154557396706245,-11.258964197510588,-11.98792869535584,-11.623446446433213,0.39775544794503315,0.518002084176538,-0.1279531306056505,0.6299146700281623,control
