gene,normd7toinputA
PBANKA_010290,8.504272944707812e-4
PBANKA_020460,9.664022178690667e-4
PBANKA_030670,4.620234572980873e-4
PBANKA_031140,0.0016177380517985549
PBANKA_031480,1.6266704101275884
PBANKA_041600,2.7845402989376344e-4
PBANKA_051490,0.5590471948860629
PBANKA_051500,1.2173793989089767
PBANKA_051520,0.4249524038564124
PBANKA_052170,2.94756766456597e-4
PBANKA_062240,0.20698836104657964
PBANKA_072150,0.014602074205781294
PBANKA_080220,0.00327682718325134
PBANKA_080960,1.4365913764429795e-4
PBANKA_081700,0.16030677991106002
PBANKA_082490,0.022185063433295276
PBANKA_082870,1.3119107682693006e-4
PBANKA_083560,9.527623719338871e-4
PBANKA_090380,0.0018093050514663635
PBANKA_090590,0.0355575141174242
PBANKA_091030,0.0010751589263934304
PBANKA_091170,5.738902928347661e-4
PBANKA_093210,1.0462854174743335
PBANKA_100240,0.12141124405935959
PBANKA_102010,8.595276263309575e-5
PBANKA_103440,0.31963992193498386
PBANKA_103540,4.4144869583498995e-5
PBANKA_103780,1
PBANKA_110420,0.15205221833269766
PBANKA_110650,0.03329696957316815
PBANKA_110690,0.10397832768719285
PBANKA_111530,6.874190655122063e-4
PBANKA_112810,0.23887976291607516
PBANKA_113780,2.0927165148467797e-4
PBANKA_120200,0.05825328067955231
PBANKA_120800,0.4538081270389274
PBANKA_122440,0.002013455789158688
PBANKA_122540,0.5787707452608339
PBANKA_122740,0.001165785259910338
PBANKA_123730,0.43399313094453806
PBANKA_124060,0.006039817390950862
PBANKA_130520,1.386757912413479
PBANKA_133580,0.6191939923356334
PBANKA_133660,0.5003046200067525
PBANKA_133890,6.238748715296005e-4
PBANKA_136440,0.6502554998970088
PBANKA_140160,0.09169876375226707
PBANKA_142310,0.63010560918661
PBANKA_145910,0.4651466219464816
PBANKA_146060,1.4598156256808577
PBANKA_010260,0.006005442709924239
PBANKA_010630,0.02270925859463928
PBANKA_011160,0.7663526639932763
PBANKA_021450,1.1399786821807556
PBANKA_030110,2.2417407310082834e-4
PBANKA_030450,0.012318958589641917
PBANKA_030950,0.0016135984964921752
PBANKA_031660,0.2060789349678172
PBANKA_040180,0.004442742343093735
PBANKA_040640,0.00451600962456969
PBANKA_040690,0.007264662455121157
PBANKA_041780,1.039500399134916
PBANKA_050180,0.0019090891927940404
PBANKA_050410,0.0033437050383223477
PBANKA_050690,0.7770449394976792
PBANKA_050720,0.5420458352776176
PBANKA_051140,0.2026181866685552
PBANKA_051390,0.03812251546943157
PBANKA_051535,0.5606451145608685
PBANKA_061970,0.008338679821228113
PBANKA_070200,0.5991941649684884
PBANKA_071270,0.9623615349113459
PBANKA_071310,0.0022906698315322406
PBANKA_071660,0.3925897019151189
PBANKA_072070,0.3473808521524223
PBANKA_080130,0.08231615691876781
PBANKA_080250,0.28308305265056827
PBANKA_080450,0.00627979375253129
PBANKA_081510,8.974626636502555e-4
PBANKA_082160,0.1317175508560318
PBANKA_083100,0.004732766281222146
PBANKA_083290,0.1104041492349558
PBANKA_083300,0.03091225114698837
PBANKA_090260,0.2003817754691261
PBANKA_090610,0.23946285620773505
PBANKA_090840,0.0968797311977041
PBANKA_090860,1.1109409212737305
PBANKA_091150,0.48891896123520084
PBANKA_091240,0.36597363398816457
PBANKA_091510,0.5900598440691964
PBANKA_091940,0.0012257901722126927
PBANKA_092090,0.004321725377034704
PBANKA_092170,0.021831881814652912
PBANKA_092250,0.003446321543016606
PBANKA_092510,0.03127847852787938
PBANKA_092560,0.002825187167014514
PBANKA_092940,0.008419458938046537
PBANKA_092970,1.5712776578068728
PBANKA_093190,0.5170385047539182
PBANKA_093200,6.677156044251151e-4
PBANKA_093690,0.1760648583606825
PBANKA_100010,0.9986011399568147
PBANKA_100170,0.005032897475944766
PBANKA_100250,0.5546016551092181
PBANKA_100360,0.29457128207960803
PBANKA_100530,0.3017263660365601
PBANKA_100550,0.5853327961495005
PBANKA_100920,0.0025358274671721977
PBANKA_101040,0.007639181011598719
PBANKA_101910,0.2776480678942862
PBANKA_102760,0.7420665326314133
PBANKA_103170,0.06957437439159429
PBANKA_103210,0.5304074171577217
PBANKA_103970,0.002356178879563539
PBANKA_110140,0.20201614943408733
PBANKA_110330,0.5794749579116526
PBANKA_110760,0.596323308372857
PBANKA_112010,0.1476006599656929
PBANKA_112390,1.8873372236208867
PBANKA_112410,0.01005976086786269
PBANKA_113880,0.011839326936848936
PBANKA_120180,0.06480421987848103
PBANKA_121060,0.6499457126767618
PBANKA_121180,0.29734324276853363
PBANKA_121440,0.6137196546051839
PBANKA_122670,0.007110845873407354
PBANKA_122760,0.0011447436808905078
PBANKA_130340,0.17005242737475498
PBANKA_130430,0.004387158841287196
PBANKA_131280,0.09965639854296264
PBANKA_131420,0.28392574367375034
PBANKA_131540,0.0018887609413796608
PBANKA_133270,6.415885380327021e-4
PBANKA_133460,0.008842903470677975
PBANKA_134490,4.267160443969143e-4
PBANKA_134640,0.2716829325210255
PBANKA_134700,0.0019097043735797539
PBANKA_135570,0.003771571028546264
PBANKA_135610,0.0016169842277611569
PBANKA_135740,0.0030459980105015244
PBANKA_140920,2.347130538606123
PBANKA_141200,0.0014896132956374857
PBANKA_141380,0.001449238091360953
PBANKA_141980,0.0015040330287142893
PBANKA_143360,0.00315455569816777
PBANKA_143910,0.28375404498109263
PBANKA_144290,6.614938552187497e-4
PBANKA_144720,0.1350301356873771
PBANKA_145700,1.011554724254805
PBANKA_145870,0.15746015328902124
PBANKA_145950,0.001130480182732529
PBANKA_010740,0.11767482692943423
PBANKA_020230,0.011307035603538825
PBANKA_020380,0.004309625608764522
PBANKA_020640,5.414215905758229e-4
PBANKA_021420,0.6373703977753751
PBANKA_030230,0.023123576488423996
PBANKA_030260,1.080965734059785
PBANKA_030370,0.22808782669468325
PBANKA_030500,0.12364254688416733
PBANKA_040230,0.01364757817960871
PBANKA_040410,0.4907605377678057
PBANKA_040480,0.4744063030456781
PBANKA_040960,0.005008623078417898
PBANKA_050400,5.450561052459583e-4
PBANKA_051100,1.2460630304970894
PBANKA_051150,8.794643909548424e-4
PBANKA_051210,0.0041653814901808075
PBANKA_051360,0.18398582162802088
PBANKA_051690,3.6350369452265124e-4
PBANKA_051820,0.13297586475618162
PBANKA_051880,0.3172551903877303
PBANKA_061140,0.07105029088971773
PBANKA_070650,8.956938308976175e-4
PBANKA_071390,0.9201768329801294
PBANKA_071490,0.37432548250889747
PBANKA_071560,0.011339732911805586
PBANKA_080820,0.0010774265143428355
PBANKA_082340,2.3900795298259953e-4
PBANKA_082650,NaN
PBANKA_083260,0.004342791607760396
PBANKA_083310,0.30680160065971973
PBANKA_090660,0.047752771347866804
PBANKA_091260,0.3627032200941477
PBANKA_091980,NaN
PBANKA_091990,0.22960495342690884
PBANKA_093130,0.0023221139478702916
PBANKA_093290,1.3071939500959757
PBANKA_093390,0.6720736882834838
PBANKA_101140,NaN
PBANKA_101530,0.06803645717560283
PBANKA_101610,1.0121161438569062
PBANKA_101680,0.015112708249609237
PBANKA_102230,0.0060503823474872195
PBANKA_102590,0.0033837056563537247
PBANKA_103000,0.0018870780910253027
PBANKA_103340,0.003810936195968576
PBANKA_103560,0.0026134108764071123
PBANKA_111180,0.22800805151101258
PBANKA_111300,4.6137608827755226e-4
PBANKA_111330,0.15081916496339068
PBANKA_112020,0.3561121101187074
PBANKA_112190,0.03974802164897255
PBANKA_112240,0.19693898131983079
PBANKA_112280,0.07549681538797187
PBANKA_112360,0.001010891496815293
PBANKA_112420,3.694219750032317e-4
PBANKA_112490,0.007041347368880849
PBANKA_112510,0.43517791220614876
PBANKA_112560,NaN
PBANKA_112620,0.6695291228497714
PBANKA_113430,2.738115415065191e-4
PBANKA_121100,0.03869538773513786
PBANKA_121620,4.3469120149705414e-4
PBANKA_121730,0.002196107192794651
PBANKA_121800,0.6241874200420816
PBANKA_122010,9.828639511317039e-5
PBANKA_122100,0.6327338829824896
PBANKA_122580,0.022373389770729273
PBANKA_123230,0.4644908113269567
PBANKA_124200,0.033520939139656356
PBANKA_130380,0.03931136458180927
PBANKA_130890,NaN
PBANKA_131720,0.09337064127820888
PBANKA_132810,NaN
PBANKA_132910,0.7903935315685524
PBANKA_132950,0.026573729334102122
PBANKA_133410,NaN
PBANKA_133560,0.10383132511420727
PBANKA_134040,0.19034993815621823
PBANKA_134280,0.018927524774824744
PBANKA_134620,0.002694657701972602
PBANKA_135520,0.0010583227528514298
PBANKA_136190,2.0765076572693406
PBANKA_140340,7.816744054651848e-4
PBANKA_140510,NaN
PBANKA_140610,1.6682822328419706e-4
PBANKA_141050,0.46796168171630803
PBANKA_142370,0.8511565301182646
PBANKA_142670,0.001601038340389443
PBANKA_143420,NaN
PBANKA_143480,NaN
PBANKA_144260,4.6146130011201524e-4
PBANKA_144530,0.0013613095347560897
PBANKA_144890,0.00223370674799982
PBANKA_145440,0.008402001214262387
PBANKA_010090,0.004294633647503987
PBANKA_010120,2.1960370513239577e-4
PBANKA_020590,0.0016490507292456333
PBANKA_020650,0.005310708557760352
PBANKA_030170,0.00417929350451785
PBANKA_030360,0.0012014617569408026
PBANKA_030420,0.003350615328642247
PBANKA_030570,0.00197940900468782
PBANKA_030840,0.00184233159265335
PBANKA_031310,2.9998855225490647e-4
PBANKA_031470,0.0012220944254249526
PBANKA_031520,0.017678976021210387
PBANKA_031600,8.56562965075395e-5
PBANKA_040150,7.423078925647372e-4
PBANKA_040280,0.07559381611045007
PBANKA_040650,1.9631613713492381e-4
PBANKA_041080,1.8119715426679234e-4
PBANKA_041820,1.3244720615843827e-5
PBANKA_052040,0.0013343546243062116
PBANKA_052100,1.377554309759748e-4
PBANKA_060680,4.938858423259133e-4
PBANKA_061060,3.845868959821318e-4
PBANKA_061500,6.708366812177742e-4
PBANKA_061680,0.012436382106908141
PBANKA_070370,0.0018850337869276293
PBANKA_071420,0.0017684865848780467
PBANKA_071510,0.003802215596582173
PBANKA_071810,0.0031862325105876136
PBANKA_071840,0.019904947224207083
PBANKA_072200,0.004317345449528937
PBANKA_080300,0.0015287205649068395
PBANKA_080310,0.003951031409444903
PBANKA_082000,0.0016093786425073024
PBANKA_082360,9.879558010354673e-4
PBANKA_082620,0.009439300541235358
PBANKA_082860,0.0019291255454316554
PBANKA_082880,2.81210911383816e-4
PBANKA_083490,0.00847752365590732
PBANKA_090390,2.1883477514545515e-4
PBANKA_091180,0.0013297002095978407
PBANKA_091970,0.003266623465426538
PBANKA_092290,1.6567428625838818e-4
PBANKA_092360,2.5093293623188286e-4
PBANKA_092490,6.052256953190849e-5
PBANKA_092950,0.0012543436466962488
PBANKA_093030,5.943801440939556e-4
PBANKA_093160,NaN
PBANKA_094090,1.2161357859443317e-5
PBANKA_094180,1.046849833697975e-4
PBANKA_094350,5.73802318757394e-4
PBANKA_100490,1.4421214377131745e-4
PBANKA_100670,0.03118259077243396
PBANKA_100810,7.631958533602019e-4
PBANKA_100980,4.7132842804735285e-4
PBANKA_101010,0.005438405645388575
PBANKA_101290,6.0276318271107464e-5
PBANKA_101490,1.1699193140145286e-4
PBANKA_101590,2.997866077053649e-4
PBANKA_102490,0.003047279361494454
PBANKA_102650,0.004746494166207112
PBANKA_103130,1.6846694311891913e-4
PBANKA_103470,0.0014886898546426209
PBANKA_103510,3.295517284156608e-4
PBANKA_103640,0.002914832162034496
PBANKA_103930,0.007161301798261717
PBANKA_110830,4.443630782745699e-4
PBANKA_110840,0.0037500551632973756
PBANKA_111710,0.0023750608893505737
PBANKA_111910,NaN
PBANKA_112260,0.0025874918642638843
PBANKA_112700,0.007784716431672859
PBANKA_113270,0.004241651001471252
PBANKA_113400,1.9392802194951824e-4
PBANKA_113560,4.4210463315053034e-4
PBANKA_113690,6.455945183292775e-4
PBANKA_114300,6.210156047924617e-5
PBANKA_120870,0.01423680887802882
PBANKA_121780,8.273616436004625e-4
PBANKA_122350,0.011378288584911907
PBANKA_123250,0.002147967107141919
PBANKA_123330,1.1539379605558366e-4
PBANKA_123880,8.352921786229884e-4
PBANKA_124460,0.0010152414293592038
PBANKA_130090,0.0013393388800363101
PBANKA_131060,3.1704792958613034e-4
PBANKA_132050,0.0033348193000347862
PBANKA_132270,2.5138116542174516e-4
PBANKA_132630,0.00244465797098364
PBANKA_132680,8.73102731915451e-4
PBANKA_133710,NaN
PBANKA_133760,3.325745048180212e-4
PBANKA_134020,0.0026311703439446696
PBANKA_134790,0.005894851297521371
PBANKA_134840,1.7746887480503336e-4
PBANKA_135110,2.3110656586667705e-4
PBANKA_135180,3.1189854699455574e-5
PBANKA_135400,1.1576091634602188e-4
PBANKA_135690,0.009191284876005972
PBANKA_135720,3.682130315090339e-5
PBANKA_135810,0.0015264424484815286
PBANKA_135840,9.687328970905295e-4
PBANKA_136260,3.910763405816745e-4
PBANKA_140250,2.0675672165442794e-4
PBANKA_140580,2.475479836824422e-4
PBANKA_141090,7.13228264707882e-4
PBANKA_141130,4.6014156702011306e-4
PBANKA_142640,0.014098725824940195
PBANKA_142650,2.8319950641190995e-4
PBANKA_144040,0.029797521107194278
PBANKA_144070,6.525613656493777e-4
PBANKA_144250,1.6752147212271184e-4
PBANKA_144410,2.317837444714332e-4
PBANKA_144760,0.005954562787292563
PBANKA_145730,3.6969070844507847e-4
PBANKA_146320,0.00930382315416549
PBANKA_146340,0.003708516703826232
PBANKA_010520,0.08705364686488302
PBANKA_010770,0.008889808396809184
PBANKA_011250,0.18709015048228447
PBANKA_020290,0.0015000464592086558
PBANKA_020300,0.05214255967960618
PBANKA_020370,NaN
PBANKA_020830,0.18856584564685047
PBANKA_030560,8.709511397558952e-4
PBANKA_030680,0.004261710591134326
PBANKA_030690,4.039585169182073e-4
PBANKA_040120,0.17201132967148006
PBANKA_040750,0.2591437634610128
PBANKA_041050,0.43936692271718497
PBANKA_041350,0.825701410713414
PBANKA_041470,0.004710108032584572
PBANKA_051770,1.6514403107497673
PBANKA_052020,0.023623796716080375
PBANKA_060240,0.06139281838567444
PBANKA_060440,1.4742958666661015
PBANKA_061860,0.0026429997649022293
PBANKA_070100,1.354690644961093
PBANKA_070440,1.5076870824697566
PBANKA_071080,4.873905890687629e-4
PBANKA_071470,0.7173280686199689
PBANKA_071700,0.07809291016267773
PBANKA_071740,0.0029725657264985214
PBANKA_080600,0.3832600450563613
PBANKA_080830,0.0023915883059520146
PBANKA_081180,0.924017332495715
PBANKA_081200,9.521251206866573e-4
PBANKA_082040,0.32494215604208954
PBANKA_082410,9.931899499606594e-4
PBANKA_090870,0.9255778942380987
PBANKA_092660,1.68430811777668
PBANKA_092810,0.0013343429265075802
PBANKA_093710,1.6866614347449107e-5
PBANKA_094280,0.0056496635719026946
PBANKA_100700,7.172607790419531e-4
PBANKA_100720,0.01077386209587059
PBANKA_101160,0.0450680332800914
PBANKA_101480,0.052667311768481925
PBANKA_101810,0.7120746745906678
PBANKA_102060,0.0014555494237751053
PBANKA_102320,0.006381116375997655
PBANKA_102920,7.891346553828831e-4
PBANKA_102990,6.731840064122164e-4
PBANKA_103530,0.0022804854314835673
PBANKA_110380,0.0016734135003391361
PBANKA_110900,2.9545116444095474e-5
PBANKA_111510,0.16106114208728767
PBANKA_112250,0.0034677051440066458
PBANKA_112710,2.192896780510914
PBANKA_112850,1.053928863301885e-4
PBANKA_113010,0.0016936160533880878
PBANKA_113340,0.18465580252409056
PBANKA_113410,0.002307747446747996
PBANKA_114120,8.198135868043289e-4
PBANKA_114250,3.8500988161223267e-4
PBANKA_114470,0.07223331352606141
PBANKA_120310,0.015170469000476607
PBANKA_121230,0.016337719572524036
PBANKA_121820,0.002530573422795749
PBANKA_121880,2.2541966394761548e-4
PBANKA_121950,0.003288008977425611
PBANKA_122230,0.053608891713766184
PBANKA_123740,0.8319525275815672
PBANKA_123970,0.0017340873505715213
PBANKA_123980,0.003918772715169665
PBANKA_124490,0.8730853817646255
PBANKA_130240,2.1209922418241812e-4
PBANKA_130460,8.04834755515329e-4
PBANKA_130470,0.07476832992552745
PBANKA_131230,6.173586692894662e-4
PBANKA_131600,0.14721731256289236
PBANKA_132090,0.2647063807784878
PBANKA_132170,0.02046051149801007
PBANKA_132330,0.49731065322118795
PBANKA_132530,0.0025342850232884942
PBANKA_133530,3.5705427332328375e-4
PBANKA_133740,0.001092969293974261
PBANKA_133820,0.7276367028117744
PBANKA_134240,0.0025502307727414695
PBANKA_134560,0.004094011310106755
PBANKA_134600,0.7823215528187139
PBANKA_135330,0.8185611916201307
PBANKA_135350,0.0017417424793192246
PBANKA_135410,3.940426092818209e-4
PBANKA_135900,5.134738705024227e-4
PBANKA_136480,0.0010020867957667727
PBANKA_140990,9.74673531891628e-4
PBANKA_141180,0.0017515070847133542
PBANKA_142210,0.1442858526529101
PBANKA_142380,0.0018407492625827446
PBANKA_142600,0.1843555668826916
PBANKA_143040,0.00140344507069842
PBANKA_143170,0.002912556690324491
PBANKA_143920,0.0017285079889849805
PBANKA_144380,0.006915640360037289
PBANKA_144680,7.59500463804892e-4
PBANKA_144940,0.0016392903897336163
PBANKA_010130,NaN
PBANKA_020970,0.665366271442924
PBANKA_050500,0.06488642816997926
PBANKA_052180,1.0489300081996253
PBANKA_060710,0.00120582029476256
PBANKA_061040,2.3560691015233156e-4
PBANKA_061360,0.2709917242811488
PBANKA_061510,0.10572484667389237
PBANKA_070620,0.13414113109595363
PBANKA_080270,8.932941004603404e-4
PBANKA_080650,0.029000505861972028
PBANKA_080930,NaN
PBANKA_081240,0.020205796115688436
PBANKA_082520,1.2536711507831289
PBANKA_090930,NaN
PBANKA_092370,3.305892473964258e-4
PBANKA_100270,0.008117612942310263
PBANKA_100650,NaN
PBANKA_103110,0.060780602856476684
PBANKA_110400,0.00148621502213617
PBANKA_110710,5.801389392831674e-4
PBANKA_111810,9.511292071259252e-4
PBANKA_113770,2.6112305603499185e-4
PBANKA_124340,0.0012524910362135691
PBANKA_130740,NaN
PBANKA_131750,0.012052240157204493
PBANKA_133040,0.5400117154428326
PBANKA_133060,0.06453421951523955
PBANKA_134000,1.583107558313911e-4
PBANKA_134400,8.239696636263346e-4
PBANKA_135080,3.401288627312558e-4
PBANKA_135200,2.4013322886732682e-4
PBANKA_136000,0.055899340927890666
PBANKA_141030,3.946797050578069e-4
PBANKA_141560,NaN
PBANKA_141910,0.4482877153431579
PBANKA_142220,0.7181644028070611
PBANKA_142720,0.39586654230059687
PBANKA_143270,0.47847228245827433
PBANKA_144000,1.2094159751528135e-4
PBANKA_144160,0.04748396288150149
PBANKA_145050,1.2770275437574695e-4
PBANKA_145600,NaN
PBANKA_010910,6.556200027977785e-4
PBANKA_020310,0.0010791439133239684
PBANKA_021150,0.006014893782163519
PBANKA_021360,0.00295112661151147
PBANKA_030270,0.008061892611730388
PBANKA_031190,0.1298402478528511
PBANKA_040220,0.4554610161392602
PBANKA_041680,0.6961542643069446
PBANKA_041770,0.4032661965041835
PBANKA_050170,0.4236580038946477
PBANKA_051850,0.5078985534064427
PBANKA_052000,0.005640970091800009
PBANKA_070290,NaN
PBANKA_080230,3.0842495884779973e-4
PBANKA_081420,0.5348829788276375
PBANKA_081490,0.0024802389128660003
PBANKA_081600,0.8257936925301149
PBANKA_081680,0.5799428109935099
PBANKA_082380,0.36435526303677684
PBANKA_083440,0.004615503224512199
PBANKA_090210,0.07940589592901748
PBANKA_091950,0.005104277270544458
PBANKA_092010,0.19709160955200358
PBANKA_092520,7.539560518485812e-4
PBANKA_092540,0.013357233150750365
PBANKA_092870,0.09075079564367623
PBANKA_093090,0.2879591496937666
PBANKA_093150,1.1109693126099989
PBANKA_093740,1.6570952201122954e-4
PBANKA_094010,0.40181059211759057
PBANKA_094190,2.1299559398219804e-5
PBANKA_100140,1.759570022260056e-4
PBANKA_101380,0.001005972072260961
PBANKA_101770,0.005884128826927573
PBANKA_102260,0.27305291351793226
PBANKA_102430,3.989074626886576e-4
PBANKA_102880,0.0029782674517433248
PBANKA_102980,2.2009832226333617e-4
PBANKA_103820,0.06961645929281048
PBANKA_110490,0.30992440651084874
PBANKA_110800,0.10267195959004438
PBANKA_111630,0.14893909655743534
PBANKA_111770,0.46122336869815317
PBANKA_111860,0.0029252337229305316
PBANKA_112670,0.415221472935268
PBANKA_112910,0.0017199433539377522
PBANKA_113140,0.3649506701393244
PBANKA_113180,0.17202744767150638
PBANKA_113420,0.30921515469822686
PBANKA_113670,0.01766570713087211
PBANKA_113700,0.0016763408956472455
PBANKA_113840,0.016656405136899262
PBANKA_114060,0.008056374310203866
PBANKA_114340,0.7229416758094469
PBANKA_121040,0.3955093985471332
PBANKA_121420,0.0028532701756360263
PBANKA_121650,0.008563007959966885
PBANKA_122250,0.0019086258107548386
PBANKA_122310,8.734958617955266e-4
PBANKA_122470,0.004965409502263747
PBANKA_123400,0.002672427388875547
PBANKA_124210,0.0011343828528486838
PBANKA_124450,0.0023565627651757305
PBANKA_130370,4.174204472390286e-4
PBANKA_131840,0.001542871398075701
PBANKA_131920,0.002691575194971321
PBANKA_132360,0.48260397335844724
PBANKA_132640,5.98568571805364e-4
PBANKA_133870,NaN
PBANKA_134300,1.9879877745132466
PBANKA_134430,4.411828600520431e-4
PBANKA_134720,0.14868513181697512
PBANKA_135660,0.48636751426000147
PBANKA_135970,2.4177312062571317
PBANKA_141470,0.8237089332456529
PBANKA_141780,0.005860046677636204
PBANKA_141840,NaN
PBANKA_142530,0.46391122069464663
PBANKA_142960,0.006720549690039974
PBANKA_143610,0.0022747802708238626
PBANKA_143890,0.11565707167698047
PBANKA_144770,0.0026467819210988564
PBANKA_145010,3.211463907489093e-4
PBANKA_145920,0.19091085711234218
PBANKA_146220,0.30660086084583704
PBANKA_010200,0.00197329594112472
PBANKA_010460,0.10878687040469678
PBANKA_020720,0.0013841281348981088
PBANKA_021040,0.0011963484463588052
PBANKA_021130,NaN
PBANKA_021350,5.445404771155529e-4
PBANKA_030430,0.0018475238252431288
PBANKA_030460,0.003608139465970475
PBANKA_030850,0.13867405680203038
PBANKA_031270,0.7436577680695693
PBANKA_031380,0.0546281658629221
PBANKA_040680,0.001781772718173193
PBANKA_040740,4.2637006635611235e-5
PBANKA_040930,0.09597971725437704
PBANKA_050230,0.43997840720499615
PBANKA_050740,0.009180291115581878
PBANKA_050810,5.335995420584373e-4
PBANKA_060480,0.0012012269272111884
PBANKA_061580,9.313686917028718e-4
PBANKA_070210,0.8212505590750515
PBANKA_070270,2.515717651283197
PBANKA_070450,0.0011615292871549614
PBANKA_070950,7.574769492892344e-4
PBANKA_071400,1.1265475899316784
PBANKA_071650,0.4256587590856218
PBANKA_080430,0.6929045475457485
PBANKA_080560,0.002996039157334045
PBANKA_080590,0.1832331590606867
PBANKA_080620,0.015585350883325688
PBANKA_080700,0.0013439725735324096
PBANKA_080800,9.079641278087618e-4
PBANKA_081900,2.207156244371138e-4
PBANKA_082450,0.0430572934045486
PBANKA_082690,0.007158847034455034
PBANKA_082800,0.058173978315003316
PBANKA_083190,0.016670741086474466
PBANKA_090410,0.002318395816979281
PBANKA_090950,0.30299091379010884
PBANKA_091270,5.620374050817494e-4
PBANKA_092700,0.027260290357706024
PBANKA_093860,0.0011072891859609125
PBANKA_100160,0.27549486428288034
PBANKA_100950,0.01694613006746755
PBANKA_101020,0.0012239815464474627
PBANKA_101080,0.31194202336340004
PBANKA_101330,1.8966618453172408
PBANKA_101700,0.37611910170602136
PBANKA_101980,0.029484699118282512
PBANKA_103680,0.7567676909492584
PBANKA_110360,0.0015729458993252506
PBANKA_110540,0.0021213839041135996
PBANKA_110730,0.0054382831082120725
PBANKA_110810,6.595203936999293e-4
PBANKA_111080,0.0705092710107568
PBANKA_112270,0.002550625697035937
PBANKA_112970,7.868223110799547e-4
PBANKA_121030,9.635000330582072e-4
PBANKA_121240,0.639303364587549
PBANKA_121400,7.73193536616242e-4
PBANKA_122770,0.00421948406560806
PBANKA_124300,0.0010225380278192978
PBANKA_130080,0.01103902910175994
PBANKA_130280,1.317136980853402
PBANKA_130680,3.940539418154421e-4
PBANKA_130860,0.002896630739972157
PBANKA_130970,0.015749283039773167
PBANKA_131070,0.8955122583209597
PBANKA_131510,0.06520387307422519
PBANKA_132800,6.84720038146935e-4
PBANKA_134380,0.9291342506496871
PBANKA_135090,0.010722964249594557
PBANKA_135960,0.9895586614896398
PBANKA_140170,1.0402921925666706
PBANKA_140410,0.3699983414130639
PBANKA_140480,0.24214913862690796
PBANKA_140800,3.3831870466587366e-4
PBANKA_140910,0.00473649959947516
PBANKA_141000,NaN
PBANKA_141360,1.0102217608579291
PBANKA_142090,0.0010123238540835345
PBANKA_142160,0.3742065023549984
PBANKA_143750,0.397493970693234
PBANKA_144540,7.223050098859047e-4
PBANKA_146070,0.392138529590739
PBANKA_010950,0.1757899079311024
PBANKA_011210,0.00215771957322671
PBANKA_020580,0.001973855382296751
PBANKA_021440,0.014698187845697083
PBANKA_031030,0.0011068152758218449
PBANKA_040110,0.011344615355547346
PBANKA_040820,0.5662129590027826
PBANKA_040940,0.04806197374270026
PBANKA_052050,0.0013003359604342932
PBANKA_060280,0.002053705474542435
PBANKA_061520,0.7093511745394862
PBANKA_061670,0.45386481124480493
PBANKA_071200,3.9721478254119114e-4
PBANKA_080320,3.686347873751131e-4
PBANKA_082710,0.14351743848188558
PBANKA_082960,0.19449831484545824
PBANKA_083110,0.3533958461797905
PBANKA_083520,0.001990931011810172
PBANKA_090110,5.01973073269286e-4
PBANKA_090960,0.021139125052084037
PBANKA_091210,4.232897851045313e-4
PBANKA_091870,0.39577590122904605
PBANKA_092180,0.169070535401755
PBANKA_092550,0.04593035164738275
PBANKA_093020,2.9723783335728184e-4
PBANKA_093230,0.4098363744862675
PBANKA_093300,0.0014835468993898955
PBANKA_093370,0.8761926783427272
PBANKA_093910,NaN
PBANKA_101710,0.0032067037930220456
PBANKA_101750,0.07040478970297069
PBANKA_103320,0.00524004923360912
PBANKA_110510,2.6815601819815113e-4
PBANKA_110940,0.0010269006809138794
PBANKA_111380,0.22868400282988835
PBANKA_111490,5.461984232709822e-4
PBANKA_112690,0.01533677484306643
PBANKA_121190,1.13815856005138e-4
PBANKA_122500,0.002810527106451039
PBANKA_122810,0.00246552500627714
PBANKA_123160,0.04734403319037678
PBANKA_130690,0.12896406170238375
PBANKA_130920,0.005006781818350567
PBANKA_131970,0.29256708634666806
PBANKA_132980,0.08678834012522037
PBANKA_135150,0.012833460606660522
PBANKA_135260,0.5848144676596803
PBANKA_136210,0.3181300142765
PBANKA_136370,0.47516519739546326
PBANKA_140370,0.003880664258986379
PBANKA_141460,0.18246623334936274
PBANKA_144560,0.0072746700225651524
PBANKA_146050,0.3294174576361009
PBANKA_011010,0.005293648783962149
PBANKA_020330,2.978459102558128e-4
PBANKA_021020,NaN
PBANKA_021140,0.2600988351393293
PBANKA_030510,0.14381074103139924
PBANKA_030860,0.004636305239309712
PBANKA_030980,0.10226702424721563
PBANKA_031240,NaN
PBANKA_031500,0.34751205750780506
PBANKA_031590,0.9633049071392791
PBANKA_040190,4.658514551501983e-4
PBANKA_040760,0.052192170302203585
PBANKA_041030,NaN
PBANKA_050260,0.003331161771002589
PBANKA_050700,0.0016151507930057942
PBANKA_051220,0.20357640396251303
PBANKA_051670,NaN
PBANKA_051760,0.09715992909794317
PBANKA_060100,0.001493523187473138
PBANKA_060350,0.001554318488304456
PBANKA_060520,NaN
PBANKA_061110,0.0894511132396883
PBANKA_061160,NaN
PBANKA_061430,NaN
PBANKA_061540,NaN
PBANKA_061880,0.018529692103987014
PBANKA_070250,NaN
PBANKA_070410,0.01547675541990667
PBANKA_070700,0.6427791197093251
PBANKA_071010,0.34733103819595745
PBANKA_071760,0.04424413139056802
PBANKA_080260,NaN
PBANKA_080630,0.25446503305273593
PBANKA_081060,3.510060643798695e-4
PBANKA_081210,NaN
PBANKA_082170,NaN
PBANKA_082350,0.31805436912315255
PBANKA_082750,0.15993412889994954
PBANKA_090140,0.2698539781891115
PBANKA_090160,NaN
PBANKA_091020,0.09596271230104499
PBANKA_091790,NaN
PBANKA_091820,0.1484833763433246
PBANKA_092110,0.38657538781814293
PBANKA_092980,0.16928612936154877
PBANKA_093140,0.00250317872665924
PBANKA_093850,0.11637181322147455
PBANKA_093960,NaN
PBANKA_094290,9.058222739031632e-4
PBANKA_100480,1.9378493726792537e-4
PBANKA_100880,NaN
PBANKA_101400,0.014075447435965222
PBANKA_101620,0.02486631317589314
PBANKA_101840,0.13403269563302767
PBANKA_102340,0.1359059564930463
PBANKA_102520,NaN
PBANKA_103260,NaN
PBANKA_110920,0.002135913697959896
PBANKA_111100,0.006844526544394249
PBANKA_111370,0.34039623326746477
PBANKA_112290,6.081738022998027e-4
PBANKA_112450,NaN
PBANKA_113970,0.0011972996789493331
PBANKA_114130,0.526285528850904
PBANKA_114240,0.034094064902437174
PBANKA_114360,1.983598461539355e-4
PBANKA_120640,0.05353742015793113
PBANKA_121340,0.37637217331831807
PBANKA_121370,0.17883761000740592
PBANKA_122030,0.21527316283254622
PBANKA_122840,0.037182796849944154
PBANKA_123150,0.0923973411389112
PBANKA_123310,NaN
PBANKA_130260,7.328403858901196e-5
PBANKA_130620,0.036966737995629016
PBANKA_131460,0.0021867202262294467
PBANKA_131810,0.002388591991155837
PBANKA_132970,NaN
PBANKA_134660,NaN
PBANKA_135470,NaN
PBANKA_135590,0.14275313230734857
PBANKA_135620,0.17705018715509466
PBANKA_135770,9.541684788724415e-4
PBANKA_135860,0.008923287184996593
PBANKA_136050,0.0034138937668836624
PBANKA_136200,NaN
PBANKA_140490,NaN
PBANKA_140550,0.0030519778583316505
PBANKA_140670,2.4720196294549576e-4
PBANKA_140810,8.333787548345812e-4
PBANKA_141310,7.129262151395329e-4
PBANKA_141510,NaN
PBANKA_142270,0.26201650281860656
PBANKA_142700,0.19238460820704356
PBANKA_142880,0.6764042027687962
PBANKA_142970,NaN
PBANKA_143080,0.5547158110735197
PBANKA_143830,NaN
PBANKA_143950,6.35399574062784e-4
PBANKA_144850,NaN
PBANKA_145330,NaN
PBANKA_146030,3.257308224766393e-4
PBANKA_146280,4.968210281397179e-4
PBANKA_021190,0.0014914649510432887
PBANKA_030240,0.5161936557461759
PBANKA_031000,0.2678663532611646
PBANKA_031180,0.2711102981702842
PBANKA_031250,0.0020893816420251314
PBANKA_031540,0.03437403400449993
PBANKA_040160,0.004216626728223601
PBANKA_041170,0.8206761017367392
PBANKA_050570,0.1608780040280096
PBANKA_050650,2.509414540712995
PBANKA_051400,1.2972178983476371e-4
PBANKA_051780,0.004977899487734823
PBANKA_061100,2.2755458773534995e-4
PBANKA_070900,1.1096269558772496e-4
PBANKA_072060,0.01132750617730308
PBANKA_080570,0.003866778817573086
PBANKA_082030,0.41627015275368096
PBANKA_091380,7.514117167294764e-4
PBANKA_092150,4.5038269885914355e-4
PBANKA_093250,0.005646420168254412
PBANKA_093980,0.34287402749135354
PBANKA_094020,0.3258538703134431
PBANKA_101520,0.11081030682598687
PBANKA_101640,0.06677592206556891
PBANKA_103360,0.5614151674097129
PBANKA_103410,0.15133311229529625
PBANKA_103830,0.9683331490571299
PBANKA_110300,3.5416341597742227e-4
PBANKA_110480,0.6278845951894622
PBANKA_110860,4.887785613115046e-4
PBANKA_111190,1.9286201272143924e-4
PBANKA_111470,0.6016734723498929
PBANKA_112110,0.04808600901811361
PBANKA_112210,0.001884175056964887
PBANKA_112610,0.017153115456118227
PBANKA_112640,1.4880960402148595e-4
PBANKA_113200,1.1416942455602285e-4
PBANKA_113720,0.0018844302265727708
PBANKA_114490,1.6129123427411753e-4
PBANKA_120750,0.004924890238631719
PBANKA_121010,0.370841278995319
PBANKA_121840,0.0015150086260325964
PBANKA_123000,7.746509779600717e-4
PBANKA_123140,0.003322402531483323
PBANKA_123490,0.7695639562550459
PBANKA_123780,0.0015028152151322764
PBANKA_123820,0.12797034656542722
PBANKA_124180,0.02157557494923051
PBANKA_130360,0.00212542302449855
PBANKA_131400,0.007988258573003804
PBANKA_131480,9.408133222199341e-4
PBANKA_131820,2.645138867941407e-4
PBANKA_132870,1.4838685478902163e-4
PBANKA_133180,0.31531326333784393
PBANKA_133720,0.3044201566770066
PBANKA_133990,9.633331046906852e-4
PBANKA_134570,NaN
PBANKA_134800,0.8664252614284395
PBANKA_140320,0.010233698530660194
PBANKA_140980,0.2952767288959845
PBANKA_142110,3.691279723198675e-4
PBANKA_142780,0.00931293976074145
PBANKA_142990,0.0049145640939457485
PBANKA_143100,6.835119212424053e-4
PBANKA_143400,0.5558782291665809
PBANKA_143620,0.029715658036975404
PBANKA_143730,2.3509546433939452e-4
PBANKA_144490,0.4749635326987032
PBANKA_144690,0.3758992718977695
PBANKA_144980,0.23720696031392804
PBANKA_145280,1.1402998168982579e-4
PBANKA_010160,0.21774423103183982
PBANKA_020840,0.8863014970846549
PBANKA_021230,0.2840854258074609
PBANKA_040460,1.2011332233697267
PBANKA_040670,0.2804355613543358
PBANKA_041010,0.17054666227645401
PBANKA_041690,0.6489728859795586
PBANKA_071670,0.03333453533722263
PBANKA_081110,0.3925696055755996
PBANKA_081120,0.717230458259228
PBANKA_082090,0.5770641891284063
PBANKA_082230,0.5818973371997949
PBANKA_082400,0.5235421007357617
PBANKA_091660,0.16657463044158913
PBANKA_111870,0.6500306536103088
PBANKA_113550,0.6119751066303982
PBANKA_113950,0.24681139833463647
PBANKA_121690,0.7297047658520511
PBANKA_142750,0.4391024501007938
PBANKA_145000,0.1362128393413765
PBANKA_051660,0.1818685593330726
PBANKA_061610,0.23570963318082772
PBANKA_082100,0.22244599504317622
PBANKA_083170,8.452973960450057
PBANKA_093350,0.2616123710333708
PBANKA_102020,0.5554777499087213
PBANKA_102410,0.11028544798128931
PBANKA_102970,0.44611458167646156
PBANKA_103760,0.0322424193206164
PBANKA_111440,0.12653778221565753
PBANKA_112780,0.4067906007094228
PBANKA_113380,0.6000349104480156
PBANKA_143870,0.5980357405859199
PBANKA_144400,0.40334301525561217
PBANKA_010590,0.17771159750006044
PBANKA_010920,0.01046408196812404
PBANKA_020250,2.2122220641248997e-4
PBANKA_020510,0.03891971651753527
PBANKA_040420,0.006657428823341773
PBANKA_040520,2.9433997795986415e-4
PBANKA_040840,0.050429655562761556
PBANKA_040860,0.056096674927880424
PBANKA_041620,2.0997189838722137e-5
PBANKA_041730,7.012184890175136e-4
PBANKA_041800,8.53070646648545e-4
PBANKA_050730,0.002465619919920612
PBANKA_051230,4.8309237104518575e-4
PBANKA_051410,1.2150965290709145e-4
PBANKA_051630,0.01787824721893713
PBANKA_051720,0.08602204832780569
PBANKA_051980,0.09290706474264336
PBANKA_052290,6.418567971699763e-4
PBANKA_060110,0.005788821257203765
PBANKA_060200,5.088259789366921e-4
PBANKA_060270,2.0296908369545256e-4
PBANKA_060530,0.0029666450144669437
PBANKA_061010,0.0645046513047944
PBANKA_061030,3.6690174895592683e-4
PBANKA_070220,0.029339706034010645
PBANKA_071190,8.114668436102377e-5
PBANKA_071210,0.03114301635948031
PBANKA_071750,0.4468221751055098
PBANKA_071830,0.4817373506064708
PBANKA_080660,8.724631457455137e-4
PBANKA_080890,0.04135417119194852
PBANKA_081190,2.5207870321980745e-4
PBANKA_081610,2.4204031442564164e-4
PBANKA_081760,0.3507453972369167
PBANKA_081860,4.2732107962456257e-4
PBANKA_081950,0.038365435690660254
PBANKA_081970,0.025265380592699067
PBANKA_082630,0.00688466105049419
PBANKA_083460,0.1899298212220553
PBANKA_083600,3.21079175042669e-4
PBANKA_091230,0.11000369448255377
PBANKA_091370,9.099468330744623e-4
PBANKA_092160,0.26211535371749645
PBANKA_092280,4.7387524728546913e-4
PBANKA_092860,0.005594091370427937
PBANKA_092900,0.28268022732886844
PBANKA_093120,1.1657483898681629e-4
PBANKA_093400,6.545848588908467e-4
PBANKA_093540,5.158007514511878e-4
PBANKA_093650,2.565587668766817e-4
PBANKA_093830,0.0014695195842137753
PBANKA_094320,8.589749032088514e-4
PBANKA_100310,1.0234754209972081e-4
PBANKA_100780,2.979145892637374e-4
PBANKA_101030,9.53537599160627e-5
PBANKA_101440,0.006696197803186869
PBANKA_102040,0.003349095808538557
PBANKA_103010,0.16665325722530747
PBANKA_110320,0.49283358900311336
PBANKA_111320,7.523832398856899e-4
PBANKA_111620,0.32591531318088873
PBANKA_112350,4.5223332693980327e-5
PBANKA_113160,6.186892569098155e-5
PBANKA_113820,0.007189548771194903
PBANKA_114410,3.6973813913251155e-4
PBANKA_120610,2.0846396264659589e-4
PBANKA_120620,1.9158729853134353e-4
PBANKA_120690,1.1087637855362864e-4
PBANKA_121970,0.29989036478028736
PBANKA_122210,0.001787503427196899
PBANKA_124190,8.369315468613434e-5
PBANKA_130720,1.003861392836368e-4
PBANKA_130780,1.5640618407833864e-4
PBANKA_130900,6.79185205307314e-4
PBANKA_131960,9.672101613872039e-4
PBANKA_132890,0.09800902056946183
PBANKA_133200,1.6266965046041193e-4
PBANKA_134650,0.47705516268845244
PBANKA_134680,1.221225231508924e-4
PBANKA_134780,2.3493074665751736e-4
PBANKA_135580,1.0145597051568858e-4
PBANKA_136110,9.636146760436496e-5
PBANKA_140400,0.7762725875521104
PBANKA_141660,0.001362089010193332
PBANKA_142060,1.2917478270513757e-4
PBANKA_142240,1.7349258783050522e-4
PBANKA_142510,9.66852239707737e-4
PBANKA_143470,0.0020853475442810417
PBANKA_143530,3.239531080479806e-4
PBANKA_143860,0.21498127460140168
PBANKA_144100,0.8888042814618468
PBANKA_144110,0.08152808873906493
PBANKA_144140,0.06438174184527046
PBANKA_144580,0.00224564412680091
PBANKA_144610,5.57440808615577e-4
PBANKA_145430,1.1738734303284203e-4
PBANKA_145500,4.784721212587983e-5
PBANKA_145510,0.0049959347811525945
PBANKA_145520,5.89566041746986e-4
PBANKA_145750,2.92654375226743e-4
PBANKA_145930,4.351055374190418e-4
PBANKA_146350,0.021640823744589484
PBANKA_010430,0.4778919494898338
PBANKA_010470,0.043153923117917686
PBANKA_010610,2.3238159993377555e-4
PBANKA_010730,0.012121681538845946
PBANKA_010780,0.006489721947125704
PBANKA_020270,0.15541045886089785
PBANKA_020350,0.5039959136356565
PBANKA_020420,0.16014766012529874
PBANKA_020700,2.4231919997295365e-4
PBANKA_030080,3.4837138468420543e-4
PBANKA_030470,0.17403539750191457
PBANKA_030820,0.1258030389864862
PBANKA_030970,0.3345702104857368
PBANKA_040430,0.47919182623674983
PBANKA_040920,2.2032911530318742e-4
PBANKA_050220,2.5799904263221446e-4
PBANKA_050930,0.007991846533135083
PBANKA_060610,0.4923546073755713
PBANKA_061590,0.04907039973371096
PBANKA_062180,0.011367023118044575
PBANKA_070130,0.36141982638489223
PBANKA_070280,2.4295272358127855e-4
PBANKA_070680,0.07145880409932072
PBANKA_070730,9.764720612604084e-4
PBANKA_070800,4.2826713197342895e-4
PBANKA_080490,0.04124121105812321
PBANKA_082970,0.005486872389430061
PBANKA_083530,0.0016840132582465021
PBANKA_090190,0.1005302851154281
PBANKA_090240,0.20260335692142595
PBANKA_090510,0.8336480384756088
PBANKA_091460,0.00588988501983609
PBANKA_091880,0.005032133343662763
PBANKA_092230,2.0372182690268792e-4
PBANKA_092780,9.102527318574139e-4
PBANKA_092880,3.4441124400888014e-4
PBANKA_093000,1.4899003062599896e-4
PBANKA_094270,0.002812710164339071
PBANKA_100110,NaN
PBANKA_100220,0.5522649843853609
PBANKA_100610,0.08930625666313162
PBANKA_100730,0.4116599910592726
PBANKA_101230,0.08933273057414139
PBANKA_101410,0.24940217716736582
PBANKA_102190,3.659964014480102e-4
PBANKA_102280,6.22814722227179e-4
PBANKA_102620,0.012641892339131034
PBANKA_103230,5.370835714098812e-4
PBANKA_103660,2.2447645856355923e-4
PBANKA_103800,0.0012346897834095857
PBANKA_110280,0.002284367794507809
PBANKA_110780,0.7317260319173717
PBANKA_110980,0.014433449236803847
PBANKA_111700,0.006944563630817607
PBANKA_112140,0.2762826602150491
PBANKA_112170,7.542309158388764e-5
PBANKA_112650,0.002728000663332891
PBANKA_113100,4.781568025077329e-5
PBANKA_113190,0.23145284523974013
PBANKA_113850,0.0022025541645701013
PBANKA_120220,0.019343365446076583
PBANKA_120390,0.04433482073786591
PBANKA_120720,NaN
PBANKA_120980,0.035576557062867484
PBANKA_121430,6.795421652342604e-4
PBANKA_121770,0.20839255933680523
PBANKA_122160,8.397184853795803e-4
PBANKA_122620,NaN
PBANKA_122650,0.010567741550132135
PBANKA_122850,3.9115748903428393e-4
PBANKA_123110,0.05461994455005599
PBANKA_123560,0.16249540586195999
PBANKA_124270,7.508549076703198e-4
PBANKA_130050,0.8336332638177306
PBANKA_130140,NaN
PBANKA_130190,0.1458051128831238
PBANKA_130300,0.014106193768275955
PBANKA_131310,0.0047986583780663325
PBANKA_131620,8.506066441946735e-5
PBANKA_131980,0.003304293474414191
PBANKA_132070,1.7454983245179155e-4
PBANKA_132560,0.0018469480535805885
PBANKA_133280,0.0024866135388622655
PBANKA_135640,0.028263315319210607
PBANKA_135750,0.6068352829057974
PBANKA_140120,4.806933085201667e-4
PBANKA_140260,NaN
PBANKA_140270,0.11069350172602575
PBANKA_140540,1.6249497182412644e-4
PBANKA_141110,0.12535941064864523
PBANKA_141730,4.3840100994435637e-4
PBANKA_144190,0.007678193685332193
PBANKA_144200,0.00599486772284894
PBANKA_144320,6.817956040992501e-4
PBANKA_144820,0.018440046019760667
PBANKA_145030,0.13838474753149685
PBANKA_145400,3.363325890988475e-4
PBANKA_146370,0.2004904372837135
PBANKA_020790,0.010051579250699293
PBANKA_021330,1.5002178422680417
PBANKA_050100,0.32036453054126424
PBANKA_061920,0.6862517747591309
PBANKA_071260,0.0021920311227438794
PBANKA_080060,1.9087016578612872
PBANKA_080810,0.4607089957619669
PBANKA_094160,0.013275621686201337
PBANKA_110220,0.8810840969773055
PBANKA_111090,0.38170059136515494
PBANKA_111340,0.9226890015769594
PBANKA_111600,0.8512631754029488
PBANKA_111920,0.28123872476201717
PBANKA_112330,0.020516905769086373
PBANKA_114370,0.4526719484591083
PBANKA_134980,0.5648051875478127
PBANKA_140900,1.401531415383243
PBANKA_142030,0.0012904529858959448
PBANKA_142520,2.1833096516046107
PBANKA_142930,0.5154877357103962
PBANKA_145540,1.9699946388318454
PBANKA_010510,1.1273684280716862
PBANKA_021160,0.00226202381616657
PBANKA_021180,4.3137289233822183e-4
PBANKA_021290,5.081426312844148e-4
PBANKA_031260,0.28602236975802164
PBANKA_031580,5.0295916421543065
PBANKA_041430,8.056108260543504e-4
PBANKA_041630,9.514103275811335e-4
PBANKA_041790,9.35743478025281e-4
PBANKA_050440,0.05450274167533864
PBANKA_050830,0.4404981640793395
PBANKA_051300,0.31546823508926064
PBANKA_060600,0.0013267898485659884
PBANKA_060860,0.37096628375301705
PBANKA_061400,0.0014726669483828793
PBANKA_070710,0.5393442495991086
PBANKA_070940,0.001428227008635107
PBANKA_071120,0.5205715311559409
PBANKA_080690,0.570637107872705
PBANKA_081070,0.7215772169328722
PBANKA_081730,2.1476590186390412e-4
PBANKA_082020,0.6540296739093874
PBANKA_082320,0.39776864111811583
PBANKA_082430,0.39087072994516275
PBANKA_083040,0.37025760444670486
PBANKA_090710,0.3147382212361755
PBANKA_091860,0.40760546824197463
PBANKA_092730,0.0017531142194603742
PBANKA_094250,9.324397044877595e-4
PBANKA_100150,0.25824555740374494
PBANKA_100640,0.9634857852621046
PBANKA_101050,0.16976429738052728
PBANKA_101390,0.14511397631828882
PBANKA_103310,3.4637940092186576e-4
PBANKA_103520,0.11810373174233538
PBANKA_111200,0.8050417102203049
PBANKA_112040,0.19099181582253766
PBANKA_112980,1.0945421439515268
PBANKA_113980,0.3513181969276323
PBANKA_114200,9.246583925777937e-4
PBANKA_121260,0.2911141450911161
PBANKA_122550,0.8155870634430376
PBANKA_122560,0.7915954610430616
PBANKA_122990,0.8177493088886296
PBANKA_124120,0.9492450727150328
PBANKA_124220,0.06025622320805502
PBANKA_124370,0.0031019992906918155
PBANKA_131140,0.6540242663872342
PBANKA_132880,0.00558447447984832
PBANKA_134940,0.18109883594511433
PBANKA_136030,0.579208748452493
PBANKA_136330,6.077280830064154e-4
PBANKA_140500,0.25701405345564826
PBANKA_140820,2.171092771615113e-4
PBANKA_142590,0.03809682142428776
PBANKA_142620,0.0012065987751217577
PBANKA_143520,0.24503217716606213
PBANKA_143660,0.214484718868134
PBANKA_144210,1.2178152363136195e-4
PBANKA_145770,0.41150545154465795
PBANKA_146130,1.4856100969807349
PBANKA_020850,0.0014381883579724464
PBANKA_030070,9.013705251108899e-4
PBANKA_030960,0.08730702171147761
PBANKA_040730,0.621889014707086
PBANKA_041065,0.2588308635881487
PBANKA_050350,0.0056273973318655595
PBANKA_052230,1.3057040071693893
PBANKA_060430,0.004842378512008776
PBANKA_060620,1.3599315592622918
PBANKA_061240,0.02055929254045681
PBANKA_062030,1.1092308356277614
PBANKA_062270,0.002606800941234451
PBANKA_070330,0.8487682725513507
PBANKA_070470,0.31110729458867376
PBANKA_070660,0.34981500917973546
PBANKA_071130,0.5489491100970083
PBANKA_071220,0.20286633775288293
PBANKA_071430,1.117292914767137
PBANKA_072090,1.99853428062526
PBANKA_080720,1.0655110081372157
PBANKA_082890,0.7448950627046205
PBANKA_091360,0.9328276970272332
PBANKA_091600,0.234650228135377
PBANKA_091670,0.6423133522747967
PBANKA_093080,0.5503039679186702
PBANKA_094340,0.07782787702962755
PBANKA_100790,0.6122062562686806
PBANKA_101800,0.011055935466445243
PBANKA_101830,0.15090485246562735
PBANKA_102030,0.5376183442139977
PBANKA_102600,1.1451149451301688
PBANKA_102630,0.27967861476508854
PBANKA_103240,0.3504262443109707
PBANKA_110930,0.8736749621848985
PBANKA_111060,0.5532436989197076
PBANKA_111430,0.11400988989589314
PBANKA_112100,0.1690056059838482
PBANKA_112470,0.31997264899975714
PBANKA_112530,0.8187667309928567
PBANKA_113230,0.33798868868668985
PBANKA_113740,0.5749636355288837
PBANKA_113860,0.5123261026228842
PBANKA_113890,0.16207146493032415
PBANKA_120530,1.3768029508025992
PBANKA_121830,0.865293658308358
PBANKA_123320,0.9896875551039552
PBANKA_123360,0.5280911776350707
PBANKA_124100,0.14220581964315643
PBANKA_124670,1.3566840408211467
PBANKA_130450,1.176264785310462
PBANKA_131530,1.3727612114123298
PBANKA_132610,0.2987577567816456
PBANKA_132940,1.077892745862025
PBANKA_134250,0.014461704308940601
PBANKA_134450,0.0060396346245408595
PBANKA_134630,2.677676452795952
PBANKA_134810,0.5680215633839121
PBANKA_135210,0.7575111696713268
PBANKA_135250,0.34455970858771023
PBANKA_135790,0.7393458012415423
PBANKA_135920,0.13054713486148434
PBANKA_136040,0.5270141089620154
PBANKA_136150,0.19638723081997278
PBANKA_136320,0.2645414589253391
PBANKA_140790,0.3233695338355132
PBANKA_141540,0.0024665656591055874
PBANKA_141810,0.09938557093481382
PBANKA_141930,0.6406361940371613
PBANKA_142690,0.015602048353772862
PBANKA_142920,0.8404317735285236
PBANKA_143030,0.5530780717626889
PBANKA_143060,0.5531406876600229
PBANKA_143140,0.7045316463255856
PBANKA_143150,0.7791428282465711
PBANKA_143310,0.0015527315557710831
PBANKA_143440,0.8179781269130009
PBANKA_143630,0.861539644849529
PBANKA_144480,0.29773823630019913
PBANKA_144600,0.02856942810216068
PBANKA_144900,0.3624935800519322
PBANKA_145990,3.1366185716302124e-4
PBANKA_010080,0.6685229150803129
PBANKA_010150,0.7181622531961528
PBANKA_010600,0.04659851384193565
PBANKA_010620,0.5278529939962624
PBANKA_010940,0.31427095342415184
PBANKA_021390,1.0350245281209298
PBANKA_030540,0.0014095654118006962
PBANKA_031160,4.32944348894994e-5
PBANKA_040470,0.6147067945982979
PBANKA_040830,0.007566691131918322
PBANKA_041360,0.001171081579383421
PBANKA_041490,0.7539690515618536
PBANKA_041570,9.176912563107944e-5
PBANKA_041710,0.49357142447734714
PBANKA_050610,0.004284397974354386
PBANKA_051990,0.02583494930785046
PBANKA_060120,0.01797612821098277
PBANKA_060660,6.152040922302311e-5
PBANKA_061260,4.179399721997147e-4
PBANKA_061570,0.009649811867719883
PBANKA_062140,0.021927401715718126
PBANKA_070740,0.14656214885509583
PBANKA_071020,1.0194003528787234
PBANKA_071790,0.001721495785979865
PBANKA_080070,6.201721311916796e-5
PBANKA_080900,0.28317896867781867
PBANKA_080950,0.7982712906713033
PBANKA_082740,0.035209912835847325
PBANKA_083250,0.4221832851990227
PBANKA_083330,0.3282851251892912
PBANKA_090180,0.4133453713259756
PBANKA_090420,1.2732870327016728
PBANKA_090520,1.2186794825793867
PBANKA_090850,0.21407914011408355
PBANKA_090920,1.7506386234145997e-4
PBANKA_090980,0.16033191395355065
PBANKA_091530,2.1849529849425576e-4
PBANKA_093360,1.071100742000614
PBANKA_094230,0.18584624519329956
PBANKA_100230,0.003405600756592999
PBANKA_100870,0.27137926277446084
PBANKA_100990,0.3544054044117152
PBANKA_103080,0.3321381101082681
PBANKA_103450,0.8850014788977845
PBANKA_103620,0.0015188580522412821
PBANKA_103910,4.3414785834479375e-4
PBANKA_110200,7.687103992148185e-4
PBANKA_111390,4.292767960716585e-5
PBANKA_111500,0.08012934768183372
PBANKA_111680,0.0031629787341249664
PBANKA_111760,0.9085295598407551
PBANKA_114030,0.002458478789710557
PBANKA_114280,7.374229221568101e-5
PBANKA_120290,0.21532358895426246
PBANKA_120400,0.13669436764715023
PBANKA_121020,3.6477481466591145e-4
PBANKA_121510,4.197418805956519e-5
PBANKA_121810,0.14330740971758718
PBANKA_123220,2.1266458598259377e-4
PBANKA_123240,1.1268075172618592
PBANKA_123640,0.07296380693977048
PBANKA_124250,8.632281669948114e-4
PBANKA_124360,4.521763271278278e-5
PBANKA_131910,1.3314240590039792
PBANKA_132790,0.035063703007713665
PBANKA_134050,0.0022996070614392803
PBANKA_134150,0.00215922017163118
PBANKA_135460,0.553247142977707
PBANKA_141230,0.3923966385669268
PBANKA_141330,1.4069815508428174
PBANKA_143090,0.516945940495866
PBANKA_143590,0.5461438521851611
PBANKA_145070,0.008232219425300464
PBANKA_145690,7.996452669495662e-5
PBANKA_145830,0.0018002479833774802
PBANKA_146110,0.001816877599793598
PBANKA_010820,0.05132248266689401
PBANKA_030140,0.2988767144537371
PBANKA_030770,0.1572190396318805
PBANKA_040390,0.001068990427821186
PBANKA_040440,0.0015529596730722182
PBANKA_041590,0.12168979794398974
PBANKA_051270,0.7574604615466876
PBANKA_061640,0.7252267480967957
PBANKA_062020,0.0013010900542041702
PBANKA_070600,0.006915477527172595
PBANKA_070850,0.254096761888906
PBANKA_071320,8.979373811514435e-4
PBANKA_072040,1.329265491596717e-4
PBANKA_072080,7.799199710129557e-4
PBANKA_080640,0.7227647637315495
PBANKA_081400,0.004527012672807008
PBANKA_091910,0.3417275383149336
PBANKA_092600,0.7927581559731394
PBANKA_092890,0.014379094699556044
PBANKA_093100,0.09695098122722035
PBANKA_093280,9.444321331187332e-4
PBANKA_093380,0.39858206481199626
PBANKA_100520,0.9395295735234444
PBANKA_101210,0.38829609419772126
PBANKA_103580,0.005292582087674215
PBANKA_110990,0.6402730404750405
PBANKA_111610,0.38478366413728105
PBANKA_112920,0.30849760777230956
PBANKA_113280,0.5776917426958081
PBANKA_113650,1.3279264508205208e-4
PBANKA_114560,9.164969318667203e-4
PBANKA_120160,0.005309448454594244
PBANKA_120740,0.6670467242441293
PBANKA_121140,0.43151809154028253
PBANKA_121210,3.0269126942065235e-4
PBANKA_121220,0.054893331593823154
PBANKA_121290,0.007313021320851433
PBANKA_134230,0.32480810374074026
PBANKA_134420,0.3606505538661357
PBANKA_135820,1.1026407993140048
PBANKA_140440,0.6576621843817068
PBANKA_140450,1.3329060780151996
PBANKA_140470,0.002159345153246682
PBANKA_141350,1.6455902852996463e-4
PBANKA_142000,6.290685448152298e-4
PBANKA_142710,0.7206058616599502
PBANKA_143690,0.0034341066608052345
PBANKA_144170,0.2899410841051574
PBANKA_145060,8.246666264438326e-5
PBANKA_145980,0.2544240081998523
PBANKA_010240,0.2139239891747924
PBANKA_020340,4.840413042517844e-4
PBANKA_030580,0.011192199818270552
PBANKA_031340,0.10777471146741555
PBANKA_040210,0.00251031691185734
PBANKA_040510,6.065146720354107e-4
PBANKA_040600,6.859534125769098e-4
PBANKA_040780,0.4783297724512703
PBANKA_041000,8.102088322356135e-4
PBANKA_041240,0.618045282954619
PBANKA_041300,0.1116791596619267
PBANKA_050270,5.833910135484316e-4
PBANKA_050710,0.00666855927507646
PBANKA_051530,0.2401974333384403
PBANKA_060170,0.0014619342302120235
PBANKA_060770,0.001252218006059728
PBANKA_060890,0.002207824693951087
PBANKA_061560,1.654663136851438e-4
PBANKA_070230,6.436026972393382e-4
PBANKA_070630,0.001637048135149762
PBANKA_071230,0.20876422610158754
PBANKA_080510,0.01271709826648497
PBANKA_080710,0.18256157612057283
PBANKA_083410,1.4142130452213434e-4
PBANKA_090250,0.5096959475995239
PBANKA_090440,0.014077801890902755
PBANKA_090760,0.00190172534552469
PBANKA_091120,5.488808508527531e-4
PBANKA_092820,0.0038399881001638034
PBANKA_092840,0.14946115218296555
PBANKA_093890,0.07946642553264041
PBANKA_100100,0.004863276054018877
PBANKA_100570,0.12481149065767669
PBANKA_101850,0.006030607455782585
PBANKA_103400,1.8660837487150672e-4
PBANKA_103810,0.01769961464907836
PBANKA_110310,2.908677168450944e-4
PBANKA_110640,0.24397617763665178
PBANKA_110910,7.704414496198125e-4
PBANKA_112230,0.25752964974774445
PBANKA_114320,0.479858973804861
PBANKA_120440,0.009445898531202281
PBANKA_120500,0.002368353563361337
PBANKA_120540,0.2960794588710349
PBANKA_121300,NaN
PBANKA_121680,0.36042778498434186
PBANKA_121960,0.27848590906188114
PBANKA_123100,0.002193962732185299
PBANKA_123690,8.293566292470755e-5
PBANKA_130230,0.35850419127992417
PBANKA_130390,0.0014413652292430085
PBANKA_130560,0.6328217349443641
PBANKA_131200,0.026701273538216764
PBANKA_132700,0.0010848569280683
PBANKA_132740,2.3296529774983267e-4
PBANKA_133140,2.3317049726215365e-4
PBANKA_133290,1.633835896754976e-4
PBANKA_133380,0.0017017753749576279
PBANKA_135120,0.20080060660952365
PBANKA_135630,1.6163739601294245e-4
PBANKA_140560,4.729622478245976e-4
PBANKA_140660,0.7132312345150303
PBANKA_140780,9.496466032453409e-4
PBANKA_140830,0.007841237481522042
PBANKA_142420,0.0036150513935665138
PBANKA_142890,0.06643021740847148
PBANKA_143250,3.128315308317224e-4
PBANKA_143320,0.6088258714448614
PBANKA_144010,0.0017706449228880694
PBANKA_144220,7.503475539431878e-4
PBANKA_146100,0.49876671005989326
PBANKA_146360,8.834801892481458e-4
PBANKA_146460,2.8258755014038424
PBANKA_010010,1.1694207638810814
PBANKA_010490,0.0091156672394287
PBANKA_010550,0.007083290713414716
PBANKA_010970,0.04154722929831287
PBANKA_020610,0.10026655981635572
PBANKA_021010,0.33934121468429407
PBANKA_021110,0.0010363234221196398
PBANKA_030380,0.00487980500985148
PBANKA_040240,0.25194489076712046
PBANKA_040560,1.4012182581204766
PBANKA_041450,0.17319780484766464
PBANKA_041740,0.0044650072990197005
PBANKA_050320,0.011567490366091516
PBANKA_051060,0.48780364822128564
PBANKA_051750,0.00429544798637447
PBANKA_051970,0.911028557003991
PBANKA_052310,3.470817268765302e-5
PBANKA_060080,0.0021809467390042246
PBANKA_060150,0.2523474787355705
PBANKA_060380,0.5433353658620849
PBANKA_060510,0.745449860593573
PBANKA_060570,8.255670361983006e-4
PBANKA_070810,1.2154470401026627
PBANKA_071250,1.5650404140785772
PBANKA_071330,1.2190208999757925
PBANKA_071600,0.03677005856315887
PBANKA_071630,0.6925784645056507
PBANKA_080870,0.002563038532133189
PBANKA_080910,0.32838517010509705
PBANKA_081090,0.0012328257595361524
PBANKA_081130,8.360950469909539e-5
PBANKA_081280,0.319928411193223
PBANKA_081620,0.04337113053854136
PBANKA_081870,0.007205976967361939
PBANKA_081910,0.2613927203749701
PBANKA_082180,2.4068139563071338e-4
PBANKA_082300,0.03314902334271742
PBANKA_082640,0.5453776538322618
PBANKA_083180,0.24185733461614053
PBANKA_083200,0.9056695528101117
PBANKA_090040,0.2253428620531412
PBANKA_090450,0.001993269786424781
PBANKA_090600,0.7127631917325695
PBANKA_091010,0.027082448639729903
PBANKA_091130,0.11733214945369845
PBANKA_092910,0.4727177622626892
PBANKA_092960,2.3801380773545618e-4
PBANKA_093660,0.21611584184206836
PBANKA_093990,8.017087066457865e-4
PBANKA_094210,8.219727612983807e-4
PBANKA_101240,0.032725508269982724
PBANKA_103270,0.38261776215803184
PBANKA_103490,0.004015497379735329
PBANKA_103950,0.0032135548826251223
PBANKA_104010,0.001391191893399326
PBANKA_110150,0.6008729799567988
PBANKA_110720,3.562325311630767e-4
PBANKA_111050,0.4503967985268448
PBANKA_111310,0.0014871023858980103
PBANKA_111460,2.3692316899710342e-4
PBANKA_111550,0.00545792022455022
PBANKA_112120,0.2930424408397049
PBANKA_112930,1.343664200570192e-4
PBANKA_120680,0.868488126079018
PBANKA_121130,0.001733122101136113
PBANKA_122200,0.15068651728540883
PBANKA_122410,0.32329373062233796
PBANKA_123270,5.46705886422751e-5
PBANKA_123430,0.1404815121218705
PBANKA_123510,0.0018330503314812118
PBANKA_123950,3.593690557337639e-4
PBANKA_123960,0.8742842908177625
PBANKA_124400,0.4708799125170632
PBANKA_130440,0.3678827241567537
PBANKA_130610,0.003244616553887856
PBANKA_131870,0.5013568807235995
PBANKA_132240,0.001607806421608324
PBANKA_132280,0.0031052908531269525
PBANKA_133630,0.0010343755677129337
PBANKA_135060,0.0010302782267956482
PBANKA_135070,9.53906376982987e-5
PBANKA_135890,2.5688159406855506
PBANKA_136540,1.370858399152498e-4
PBANKA_140570,5.98675273809224e-4
PBANKA_141440,0.06505506837883218
PBANKA_141530,7.398263287553873e-4
PBANKA_141850,0.8097603995572529
PBANKA_143200,3.6125590540510516e-4
PBANKA_143290,5.306934757815007e-5
PBANKA_143560,1.8033721609844012e-4
PBANKA_145800,0.05373731054833171
PBANKA_010700,0.002686714276013625
PBANKA_011000,0.024904375662653848
PBANKA_011040,0.07629878871962605
PBANKA_011120,0.005477077458225403
PBANKA_020010,8.006283099837164
PBANKA_030150,3.815471850698639e-5
PBANKA_030530,0.001832080738819512
PBANKA_030600,0.0701625661575616
PBANKA_031110,0.0011023162175981135
PBANKA_031330,0.11487586751422314
PBANKA_040050,0.10775579116836542
PBANKA_040060,0.2110137996379608
PBANKA_040530,9.052378642942629e-4
PBANKA_040770,1.5475134421036248e-4
PBANKA_040790,0.0026461982637496708
PBANKA_041390,0.0011144159517548734
PBANKA_050360,0.0011484051482883969
PBANKA_050380,0.5314339993947165
PBANKA_050840,3.2847523873096626e-4
PBANKA_051120,6.44170572195874e-4
PBANKA_051420,0.0015368251855495199
PBANKA_051560,1.6332403487666758
PBANKA_051680,3.864746149492657e-4
PBANKA_052090,1.4739755428313383e-5
PBANKA_060840,NaN
PBANKA_061410,2.775522752605227e-4
PBANKA_061450,0.0012787258269633859
PBANKA_070150,0.00407502151369714
PBANKA_070320,6.974061262008935e-4
PBANKA_070910,2.0513327354562956e-4
PBANKA_071070,3.7490922679254084e-4
PBANKA_071480,0.0012893300999956545
PBANKA_071500,0.0012104463152075484
PBANKA_071620,0.030277624453076624
PBANKA_071870,0.17752156557835355
PBANKA_071960,0.5460900105117428
PBANKA_080010,0.06677607800773183
PBANKA_080400,0.003869484853075293
PBANKA_080500,NaN
PBANKA_080520,0.0012229735493083547
PBANKA_082010,1.4464945701842244
PBANKA_082110,0.0020963666586184134
PBANKA_082780,0.019737685817721087
PBANKA_090030,0.24974257245476478
PBANKA_090430,0.008406363810330365
PBANKA_090500,0.0025382187434363013
PBANKA_090640,0.002141257409674587
PBANKA_090780,0.3641625310310312
PBANKA_093260,1.686232945135152
PBANKA_093720,5.039247998486365e-4
PBANKA_094390,0.5463904393402359
PBANKA_100590,0.5506664395663547
PBANKA_101310,0.001492932388237553
PBANKA_101350,4.138520742912082e-4
PBANKA_102070,0.18017283075958315
PBANKA_110630,0.03486610098245731
PBANKA_110880,0.7766482824440254
PBANKA_111570,0.003303696270221217
PBANKA_112220,0.02214952934661845
PBANKA_112790,5.083260915017993e-4
PBANKA_112900,0.6272553661780474
PBANKA_113020,1.0314963960792237e-4
PBANKA_113810,0.9300209225893472
PBANKA_114230,0.08867805228684272
PBANKA_120240,0.001481334890718614
PBANKA_120260,0.05194095565125872
PBANKA_120770,1.1842863324687702
PBANKA_120780,1.9046642242412979
PBANKA_120840,6.334100849985534e-4
PBANKA_121410,4.677535557361615e-4
PBANKA_123290,0.001699586355960198
PBANKA_123750,0.004476148910520832
PBANKA_124080,0.008218277236364306
PBANKA_124430,0.6053047811502895
PBANKA_130150,0.006251853183197185
PBANKA_130510,2.1070795405797385e-4
PBANKA_130530,0.019293183336002443
PBANKA_130600,0.002138768961827059
PBANKA_130940,0.005887262316410956
PBANKA_131080,3.288184979961164e-4
PBANKA_131250,0.002173650511297759
PBANKA_133030,2.8049386392705385e-4
PBANKA_133730,0.2908744260045397
PBANKA_134160,7.727186493925607e-4
PBANKA_140020,0.1782384585857213
PBANKA_140130,1.9619458606537075e-4
PBANKA_140530,0.0018692552526403776
PBANKA_140680,0.0010199724278851978
PBANKA_140940,0.0036219485213337087
PBANKA_142810,0.6167504368729885
PBANKA_144280,1.2716747174458702
PBANKA_144330,0.001189077357317628
PBANKA_000330,0.29691140417296885
PBANKA_010400,0.007856618704967325
PBANKA_010480,3.803436069883838e-4
PBANKA_020260,0.015830146148902362
PBANKA_020390,0.006068128886860577
PBANKA_030100,0.3383108107777025
PBANKA_030180,0.2803135475768111
PBANKA_030200,3.1623515381698465e-4
PBANKA_030210,0.5796647621146872
PBANKA_031560,2.0461639649723242e-4
PBANKA_040090,0.0011435206016557247
PBANKA_040170,0.13195215175955985
PBANKA_040290,0.0039459534542482305
PBANKA_040340,0.005178753459887184
PBANKA_040370,1.8376637332848786e-4
PBANKA_040540,0.001102537862220961
PBANKA_041750,0.004411998288017402
PBANKA_050280,1.2194578375567626e-4
PBANKA_050370,0.7135034862393557
PBANKA_051090,2.461300154918834e-4
PBANKA_051130,0.0011777184831485586
PBANKA_060300,0.24407654744017512
PBANKA_060340,0.0016692843841337912
PBANKA_061000,5.15787500657242e-4
PBANKA_061340,2.4150874361484625e-4
PBANKA_061380,0.007107004476983057
PBANKA_062050,1.8399579216489645e-4
PBANKA_070260,0.0021035204162589095
PBANKA_070460,0.002006467917274089
PBANKA_071780,0.001276468382930105
PBANKA_080160,8.048265412460812e-5
PBANKA_080920,1.0057200380435647e-4
PBANKA_081920,0.006583766906798009
PBANKA_090150,2.303686378946203
PBANKA_090170,0.0014654522504765665
PBANKA_090200,1.0557648394899233
PBANKA_090370,0.7973413224287872
PBANKA_090400,1.3203306848044667
PBANKA_091160,7.512870460453164e-4
PBANKA_092450,0.002018931924782612
PBANKA_093700,6.663842379124012e-4
PBANKA_094080,1.6618714348132544e-4
PBANKA_094360,4.6324316179522393e-4
PBANKA_100190,0.0032404426434021914
PBANKA_100350,0.8477070193975248
PBANKA_101370,8.192453157681723e-4
PBANKA_101500,7.428993572150089e-5
PBANKA_101560,8.7861882249901e-5
PBANKA_103390,5.380723983325572e-4
PBANKA_103940,6.05692376021492e-4
PBANKA_110230,0.09666336297478759
PBANKA_110290,0.010435805507614183
PBANKA_110340,6.077874308042608e-4
PBANKA_110350,3.4257196787737656e-4
PBANKA_110390,0.799112142117983
PBANKA_113930,6.972732656929531e-4
PBANKA_120090,0.0019284124932355154
PBANKA_120230,1.438504992857337
PBANKA_120250,0.0018277452299293663
PBANKA_120280,0.0023515196218932208
PBANKA_120410,5.097883064352379e-4
PBANKA_121920,2.7287578508463386e-4
PBANKA_121990,1.8020317206844926e-4
PBANKA_122150,2.0217033954536502e-4
PBANKA_123180,0.0014165138758969686
PBANKA_123390,4.7077863788851245e-4
PBANKA_123420,0.0017033328283442613
PBANKA_123720,5.199560590800472e-4
PBANKA_124000,3.6293885908647523e-4
PBANKA_130110,8.400773133245307e-4
PBANKA_130200,0.006102720637125267
PBANKA_130910,0.003202746320090405
PBANKA_131110,0.0016293647589017534
PBANKA_131830,1.845535348534462e-4
PBANKA_131930,1.572216822004599e-5
PBANKA_132400,0.06851475357205976
PBANKA_133830,2.571390946378298e-4
PBANKA_134830,7.43285890867569e-4
PBANKA_135190,5.945911221932221e-4
PBANKA_135910,0.0032509524803821426
PBANKA_140140,1.978243044998815e-4
PBANKA_140210,3.440976590895439e-4
PBANKA_140220,2.0527008954569211e-4
PBANKA_140240,0.93818018233746
PBANKA_140310,0.012596166689164134
PBANKA_140390,8.938506120719575e-4
PBANKA_142020,5.778559448593089e-4
PBANKA_142360,9.42128703423607e-4
PBANKA_143880,0.001779165705665142
PBANKA_145860,0.002228745108695732
PBANKA_146300,0.8635696532445288
PBANKA_010530,0.1363423222911787
PBANKA_010580,0.37975547675987154
PBANKA_010660,0.27856672253723475
PBANKA_010960,0.5025906809022899
PBANKA_011030,0.013729383625556611
PBANKA_011130,0.001166657118884197
PBANKA_020530,8.415398444339126e-5
PBANKA_020620,0.004523510935846533
PBANKA_020670,0.15390687297760525
PBANKA_020680,0.004071546143513579
PBANKA_020710,0.03130513418815955
PBANKA_020750,0.002401789272546709
PBANKA_020810,0.001001790682093764
PBANKA_020960,0.011932561562438031
PBANKA_021070,0.0012742346160450051
PBANKA_030650,0.44101407824088196
PBANKA_030660,0.6481746665856121
PBANKA_030810,0.05251748483470873
PBANKA_031050,0.020891538638758
PBANKA_031130,0.627747061379738
PBANKA_040360,NaN
PBANKA_040490,2.8399004415655696e-4
PBANKA_040500,0.6773414569736149
PBANKA_040590,0.5765391093394403
PBANKA_040950,0.27043146615670305
PBANKA_040980,0.37433596693715265
PBANKA_050520,8.295953237561801e-4
PBANKA_050530,0.025342160256951178
PBANKA_050540,1.087072512819563e-4
PBANKA_050590,0.0036977823618127344
PBANKA_050630,0.40805746967314266
PBANKA_050780,0.31323534673842113
PBANKA_050970,0.006014938370975922
PBANKA_060090,0.4027990841757292
PBANKA_060540,0.002538068814885738
PBANKA_060780,5.836314956082263e-4
PBANKA_060970,4.987360195107266e-4
PBANKA_070160,0.3721185492736337
PBANKA_070310,5.30787524462714e-4
PBANKA_070550,1.902982252455519
PBANKA_070570,0.07710693887095281
PBANKA_070610,0.00638331253479907
PBANKA_070640,4.297269839838236e-4
PBANKA_070690,1.551367790841232
PBANKA_070990,0.04189611125572706
PBANKA_080110,0.0012159484587406216
PBANKA_080360,0.06332558488883881
PBANKA_080370,2.3680088256132037e-4
PBANKA_080480,5.1310607507056374e-5
PBANKA_080550,0.8279116769531056
PBANKA_080610,0.5318424026992361
PBANKA_080730,0.006351656798752004
PBANKA_090460,0.6647426169175386
PBANKA_090530,0.8788190749461483
PBANKA_090620,0.6243970272163584
PBANKA_090630,8.288208862131744e-4
PBANKA_090690,7.077640473295279e-5
PBANKA_090810,0.014248012833423218
PBANKA_090880,0.7110800653630728
PBANKA_090970,0.0035248987186603737
PBANKA_100080,0.452638217256612
PBANKA_100370,0.0035053947102792857
PBANKA_100430,0.005236542497495101
PBANKA_100500,0.30671916079883493
PBANKA_100600,0.0020492586708481834
PBANKA_100690,0.7331541197925446
PBANKA_100970,0.07401204797462303
PBANKA_110170,0.3191764989623896
PBANKA_110470,1.0783078054228765e-4
PBANKA_110520,0.0034435252068513557
PBANKA_110740,4.254549874391599e-4
PBANKA_110820,0.644449757999069
PBANKA_110890,0.5238001170762683
PBANKA_110950,0.001620044081528763
PBANKA_110970,6.452359463298897e-5
PBANKA_120110,0.49388863190899845
PBANKA_120360,2.113101024184529
PBANKA_120570,0.4796550943734871
PBANKA_120810,0.0020272212883665434
PBANKA_120850,0.07302234818188963
PBANKA_121050,6.326192230217275e-4
PBANKA_121160,0.05060720737297588
PBANKA_130180,0.0024720911723673934
PBANKA_130310,1.413257904800545
PBANKA_130400,0.014627115451676196
PBANKA_130480,0.9090322250715764
PBANKA_130710,6.488434348728405e-4
PBANKA_140350,0.001017932496906904
PBANKA_140430,1.1512921676674253
PBANKA_140520,2.174522671976117
PBANKA_140690,0.0020879010050252637
PBANKA_140840,0.0062949490830554265
PBANKA_141060,0.059854183179127114
PBANKA_010640,5.329494955575185e-4
PBANKA_010670,2.0895749728271385e-4
PBANKA_010690,0.0016699081950832433
PBANKA_010870,0.008317334967962537
PBANKA_010890,0.5672957237224834
PBANKA_020730,0.6249612740183851
PBANKA_020780,6.682632623668199e-4
PBANKA_021120,1.3071874118552115e-4
PBANKA_021200,0.11768961890719451
PBANKA_021220,8.996695103166575e-4
PBANKA_021240,7.271469357583497e-4
PBANKA_030940,2.3679077246129403e-4
PBANKA_031120,5.445668365063347e-4
PBANKA_031210,0.43326514483387285
PBANKA_031220,0.08910489740842449
PBANKA_031230,0.06721827159584175
PBANKA_031300,3.587809694199138e-4
PBANKA_031320,0.726444766625612
PBANKA_031490,0.9841373163292763
PBANKA_040810,0.001507976055783794
PBANKA_041140,0.0012759057930275181
PBANKA_041160,0.17918898733357688
PBANKA_041320,0.060159305090076665
PBANKA_041340,0.2797761322771835
PBANKA_050790,0.4583073280777264
PBANKA_050950,7.293477393604947e-4
PBANKA_051040,3.1336527231259524e-4
PBANKA_051050,0.0966859339691083
PBANKA_051260,0.00196203120540313
PBANKA_051290,0.005328802220485973
PBANKA_051440,1.3225126522459707
PBANKA_051510,9.002808939943832e-4
PBANKA_060870,0.009383240719567535
PBANKA_060910,0.007620437672161024
PBANKA_061150,NaN
PBANKA_061230,0.016186854086091437
PBANKA_061300,0.42861798425053266
PBANKA_061350,7.256640485559934e-4
PBANKA_061390,1.2975212476372324e-4
PBANKA_061440,0.014331576338079459
PBANKA_070560,8.089950138330317e-5
PBANKA_071100,0.6850411034108652
PBANKA_071180,4.2881017497967665e-4
PBANKA_071280,3.259762940883808e-4
PBANKA_071340,0.0010018360549592857
PBANKA_071610,0.03881844519597351
PBANKA_080750,0.01347009430681178
PBANKA_080880,6.492552834850132e-4
PBANKA_081140,8.437050289575544e-4
PBANKA_081230,4.379655798280088e-5
PBANKA_090820,0.004325990243432592
PBANKA_090940,0.8145544820111482
PBANKA_091100,0.49797298599792816
PBANKA_091140,0.10796256170867556
PBANKA_091220,5.450148822268228e-5
PBANKA_091280,0.3298300195161085
PBANKA_091320,1.0111740246879221e-4
PBANKA_091410,0.19226633292925543
PBANKA_100440,2.2363980515780504e-4
PBANKA_100890,0.0016088346534830213
PBANKA_100940,3.3104603575606677e-4
PBANKA_101150,NaN
PBANKA_101340,4.377027940353339e-4
PBANKA_110960,0.13104828663673151
PBANKA_111250,1.4310711315556197e-4
PBANKA_111290,NaN
PBANKA_111450,2.011975513952609e-4
PBANKA_111520,0.1583409534425307
PBANKA_111590,5.02592221323654e-4
PBANKA_111640,0.008462583785180333
PBANKA_120950,0.0018248152678465618
PBANKA_120970,4.1577093002181963e-4
PBANKA_121000,1.095347831132565
PBANKA_121200,0.0018162832481097783
PBANKA_121320,0.1502143187172982
PBANKA_121380,0.10106409209468856
PBANKA_121590,0.3010220698221003
PBANKA_121630,0.18915139023014638
PBANKA_130490,0.0015820190210305265
PBANKA_130670,0.30171268060825646
PBANKA_131050,NaN
PBANKA_131100,0.014748913011927725
PBANKA_131260,0.7886280617986576
PBANKA_140860,2.032305538623107
PBANKA_140890,0.018708439013125185
PBANKA_140970,0.0021507627620863893
PBANKA_141010,0.001000832936605889
PBANKA_141070,3.921465700656153e-4
PBANKA_141120,0.002141908414450265
PBANKA_141240,2.3669934876098617e-5
PBANKA_141250,0.001883429490881033
PBANKA_141590,0.22947314062834864
PBANKA_031410,0.002103432369523764
PBANKA_041380,0.364265887756268
PBANKA_041420,3.29619900545131e-4
PBANKA_041640,0.4148341491769802
PBANKA_041810,0.07388875962548548
PBANKA_051610,7.030216847786759e-4
PBANKA_051710,0.28149448920118486
PBANKA_051830,0.3425765194738362
PBANKA_052010,0.030820151234614505
PBANKA_061490,0.42910086533652547
PBANKA_061530,0.001399105380507162
PBANKA_061650,0.003806695741744218
PBANKA_061730,5.967626992042646e-4
PBANKA_061840,0.9184541293304912
PBANKA_061870,NaN
PBANKA_062110,1.390385676908147e-4
PBANKA_062200,0.7615369615724343
PBANKA_071450,0.23345339084697825
PBANKA_071540,0.5635202977588519
PBANKA_072020,0.0743844139684947
PBANKA_072100,0.36235275965761093
PBANKA_081410,0.0011265319974543327
PBANKA_081470,4.715082669424241e-4
PBANKA_081780,5.136291752736155e-4
PBANKA_081800,3.8415551368945996e-4
PBANKA_081840,0.39897950209273203
PBANKA_081850,8.306436492943235e-4
PBANKA_081940,0.28534536429659246
PBANKA_082130,0.09743105853673045
PBANKA_082220,0.002645952218746061
PBANKA_082440,0.8013445923260796
PBANKA_082540,1.4812327947903945e-5
PBANKA_091250,1.5380403883735982
PBANKA_091300,0.37264790190250874
PBANKA_091400,2.1762596404452045e-4
PBANKA_091490,0.0013217862056855022
PBANKA_091650,0.28502649568496985
PBANKA_091780,4.1887911117094315e-4
PBANKA_092020,0.8722215348148069
PBANKA_092040,3.0800141733723754e-4
PBANKA_092100,7.489997530056981e-5
PBANKA_101430,0.0030688832461732768
PBANKA_101470,0.9502883446897533
PBANKA_101570,4.3070998522639904e-4
PBANKA_101650,0.021084244754915493
PBANKA_101780,0.0014808344981439446
PBANKA_101935,0.9981098343826006
PBANKA_102100,2.845297079159092e-4
PBANKA_102120,8.053408950758122e-4
PBANKA_102210,0.10097413597645444
PBANKA_102380,3.925519250105709e-5
PBANKA_102450,0.004450351111987339
PBANKA_111270,0.5110639797269421
PBANKA_111690,1.7161958017914203
PBANKA_111730,0.021490476338078778
PBANKA_111820,8.131300439231611e-4
PBANKA_111850,0.04436663431274211
PBANKA_111900,5.388426079218366e-4
PBANKA_112050,0.0018194600251014617
PBANKA_112080,0.004827895492872183
PBANKA_112150,0.0019602442298675233
PBANKA_112460,0.28066222714215183
PBANKA_121470,0.11791356091560261
PBANKA_121790,1.1950879838823764e-4
PBANKA_122140,0.001374746797425899
PBANKA_122260,2.806967432898076e-4
PBANKA_122270,0.02920015082840288
PBANKA_122300,1.018576188978353
PBANKA_122400,NaN
PBANKA_122510,0.27700247814681755
PBANKA_130980,0.18307214101925884
PBANKA_131440,7.108149931306502e-4
PBANKA_131450,0.0013156064614060002
PBANKA_131490,1.7123530427913536
PBANKA_131520,9.906023971018444e-4
PBANKA_131610,0.011743956508594257
PBANKA_131630,0.014912214950561943
PBANKA_131670,0.25688383940997783
PBANKA_131940,0.4815562951751471
PBANKA_132010,0.2643534818664423
PBANKA_132040,0.0010363972229729785
PBANKA_132100,0.5546084082214798
PBANKA_132130,7.826776478496956e-4
PBANKA_132220,0.025826841702480303
PBANKA_132320,0.5065798795181128
PBANKA_141640,0.0013083246923298736
PBANKA_141700,1.2196296164074676
PBANKA_141790,0.0036493704278441545
PBANKA_141800,0.001987874768820165
PBANKA_141860,0.8097508087719163
PBANKA_142040,0.3235853329486902
PBANKA_142050,7.732241907081732e-5
PBANKA_142120,0.0013785451564057947
PBANKA_142340,5.219062749791183e-4
PBANKA_142540,0.07802708452654616
PBANKA_142570,6.241959164887615e-4
PBANKA_052200,3.1351704215242817e-4
PBANKA_052210,0.05139079186917124
PBANKA_061930,1.7980615948682898e-4
PBANKA_062280,4.577942381696924e-4
PBANKA_082250,0.021707687822362282
PBANKA_082460,0.6462185023575316
PBANKA_082700,5.6219305657838244e-5
PBANKA_082820,0.5772139452747436
PBANKA_082920,0.0011076564330739992
PBANKA_082930,0.3556875142686974
PBANKA_082940,0.38082044995818953
PBANKA_083240,0.6147489549345662
PBANKA_083280,0.6752088900236317
PBANKA_083510,0.21392300707468132
PBANKA_083570,1.238686520749075
PBANKA_083655,1.0006800729787668
PBANKA_092470,4.8139737905376895e-4
PBANKA_092500,0.30547710545508233
PBANKA_092710,0.0031178370570290113
PBANKA_092930,0.604805551231488
PBANKA_093010,0.19774154800311722
PBANKA_093040,1.1508122453026015
PBANKA_093330,3.0635426172182325e-4
PBANKA_093470,0.8236899655188521
PBANKA_093550,0.001626808226165017
PBANKA_093640,0.010147823581414233
PBANKA_101580,2.12102139241076e-4
PBANKA_101900,0.9280101321339244
PBANKA_102220,3.7126562012624905e-5
PBANKA_102400,1.852325452356872e-4
PBANKA_102480,0.6308445750951749
PBANKA_102720,0.30121665611354054
PBANKA_102730,0.18280731635665406
PBANKA_103020,0.008096962692022591
PBANKA_103040,0.47214550880649303
PBANKA_103050,0.005486525779786769
PBANKA_103100,0.0016150294962454577
PBANKA_103120,2.8749081727999325e-4
PBANKA_103140,0.030185113047538764
PBANKA_103150,0.06043722165017826
PBANKA_103200,0.0018741293279311338
PBANKA_103280,0.003146746129824317
PBANKA_103330,0.4999092726156117
PBANKA_103380,1.1381022035830483e-4
PBANKA_103460,0.42506700593771096
PBANKA_103850,0.7649376965100503
PBANKA_112380,0.09852212775228902
PBANKA_112730,0.004068231203153307
PBANKA_112890,0.8499400171615353
PBANKA_113240,0.2641688097931964
PBANKA_113590,0.654748703111638
PBANKA_113660,0.0010984487635983203
PBANKA_113800,0.0011524407942752751
PBANKA_122750,0.7527578513259324
PBANKA_122780,8.035133223277123e-5
PBANKA_122960,0.09485309354090983
PBANKA_123030,0.0734919526837742
PBANKA_123060,0.007229764397897001
PBANKA_123070,0.12597949734105468
PBANKA_123190,8.086180870956871e-5
PBANKA_123200,1.3766259923665032
PBANKA_123280,0.2945650656160599
PBANKA_123340,1.2541054026626726
PBANKA_123380,0.08777813522788518
PBANKA_123460,0.0016461150254403038
PBANKA_123550,7.242190750245504e-5
PBANKA_123830,0.8575461926620105
PBANKA_131690,0.09588435080964962
PBANKA_132650,0.0014646015539437286
PBANKA_132750,0.0031060749392327496
PBANKA_132760,0.015799468660300263
PBANKA_132840,0.003126671501127594
PBANKA_132860,2.5431716226183575e-4
PBANKA_132900,1.154339178146221
PBANKA_133260,NaN
PBANKA_133650,0.2975875974407983
PBANKA_133700,1.1972463210102287e-4
PBANKA_133750,0.01739338987955166
PBANKA_142080,1.5777824119473125e-4
PBANKA_142580,0.15231029303993077
PBANKA_142610,0.27035833886721766
PBANKA_142790,0.0032763499054390853
PBANKA_142840,0.0010643659510929742
PBANKA_143070,2.9581128540188744e-4
PBANKA_143110,0.0038688219504555677
PBANKA_143120,1.5823467527109223
PBANKA_143160,0.20250882750079124
PBANKA_143330,0.00154239007803307
PBANKA_143380,0.0015363301967154692
PBANKA_143500,0.42653848026413743
PBANKA_143780,0.01769667731692872
PBANKA_144150,0.07898463136729328
PBANKA_010220,0.7435659919299095
PBANKA_010720,0.5347108081901853
PBANKA_020760,0.04579427309207243
PBANKA_020890,0.00843466169106644
PBANKA_021460,0.3033318565434112
PBANKA_021550,1.9308649242803404
PBANKA_030060,0.11865644560246497
PBANKA_041190,0.8869381298407906
PBANKA_041540,0.6099659708965539
PBANKA_041850,6.496650679098876
PBANKA_050060,1.693988129913907
PBANKA_050120,1.2771796032548401
PBANKA_051080,0.020984978152447403
PBANKA_051700,1.188356907701265
PBANKA_051810,0.6997090086365081
PBANKA_051900,0.4709093784870704
PBANKA_052320,0.12967508076936463
PBANKA_052430,0.07517021274892316
PBANKA_052480,0.42502030076813047
PBANKA_060880,0.22785041864384173
PBANKA_060990,0.014314719964072966
PBANKA_061310,0.0030883385686452628
PBANKA_062310,0.040899047477324306
PBANKA_062320,0.06685545434610851
PBANKA_070070,0.9310619324065132
PBANKA_070120,0.025590408731523826
PBANKA_080040,0.3268360133402797
PBANKA_082420,0.26783985272469973
PBANKA_082530,0.1972482686318003
PBANKA_083210,0.3901402888395792
PBANKA_083610,0.0016959515145150235
PBANKA_083660,1.286650949259935
PBANKA_083680,0.9394741247251295
PBANKA_090270,1.6617819320670473
PBANKA_092770,0.062330222672105334
PBANKA_094130,0.03229000031881098
PBANKA_100060,0.25270142417068225
PBANKA_100120,1.4450471871019914
PBANKA_100760,0.3114214150728969
PBANKA_100850,0.0022695249767909916
PBANKA_100860,0.3180010073202704
PBANKA_102390,0.30294603288485256
PBANKA_102910,1.3366255653475214
PBANKA_104020,0.17430652393256507
PBANKA_104030,0.11659946705445977
PBANKA_110090,0.3027950374438558
PBANKA_110100,1.2175925566995238
PBANKA_110130,0.042947238361235554
PBANKA_110430,0.29052455647979175
PBANKA_110500,0.005265677140589556
PBANKA_111210,0.35372787054511823
PBANKA_113870,0.23706525629615738
PBANKA_114590,1.0154166545983567
PBANKA_120060,1.6256513902251044
PBANKA_120520,1.9165357205306734
PBANKA_120710,0.48628163940890945
PBANKA_120790,0.8670575668224512
PBANKA_120820,0.021915165450476184
PBANKA_122090,0.30537646180014105
PBANKA_124380,0.3713181679065238
PBANKA_124660,0.7375503237570736
PBANKA_131150,1.306675469412323
PBANKA_132380,1.0387248769442876
PBANKA_132420,0.0684557949335867
PBANKA_132960,0.15196520745944422
PBANKA_133090,0.8485574837075149
PBANKA_133220,0.001772374173049648
PBANKA_133430,0.004396500182359424
PBANKA_133490,0.6370220500136751
PBANKA_133500,0.6443374817766345
PBANKA_133690,0.6517027404976492
PBANKA_133810,1.0367928079216688
PBANKA_134540,9.56782292496388e-4
PBANKA_135800,0.27956662689680967
PBANKA_140040,0.6033615863915534
PBANKA_140060,0.005413893695271597
PBANKA_140070,0.2671311499586776
PBANKA_140330,0.026535763684261204
PBANKA_143540,0.053976749732741726
PBANKA_144790,0.2002614087336971
PBANKA_030480,0.05839816020048569
PBANKA_060470,1.3782598593832458
PBANKA_060690,0.32644654779310356
PBANKA_061180,7.850417767153418e-5
PBANKA_061750,0.0031850348899576343
PBANKA_080280,0.009525659031928325
PBANKA_080940,0.6602553650884664
PBANKA_082910,6.728269431038911e-4
PBANKA_083550,0.634550451975779
PBANKA_091190,6.468017970036217e-5
PBANKA_093530,0.0010754514991831933
PBANKA_093750,0.8338731379331544
PBANKA_094110,2.2014142136466162e-4
PBANKA_100960,1.031667076029563
PBANKA_101450,0.002973532769753712
PBANKA_102780,0.002682537617335631
PBANKA_103480,0.6291376605069351
PBANKA_103870,0.5868394121373399
PBANKA_103980,1.1616620616135624
PBANKA_104000,0.8187008780127039
PBANKA_110770,0.0025059277410159233
PBANKA_111350,NaN
PBANKA_113640,8.352782421493325e-4
PBANKA_114150,0.002806428834955749
PBANKA_114260,0.034200467840230196
PBANKA_114310,1.3560246381008876
PBANKA_114420,0.0018446609985357974
PBANKA_114430,0.05477127744049111
PBANKA_114440,6.117094662678548e-4
PBANKA_114480,0.7473386538923666
PBANKA_114530,NaN
PBANKA_114550,0.3615331690104001
PBANKA_120380,1.2266733276708792
PBANKA_121080,0.012606558247192857
PBANKA_121090,0.5654816811439658
PBANKA_121280,NaN
PBANKA_122680,0.1446213220139669
PBANKA_123590,0.21864549122067203
PBANKA_123800,0.006768252937756766
PBANKA_124240,1.1386447180198092
PBANKA_124390,0.001579024043900935
PBANKA_124410,0.022818611021583016
PBANKA_124440,1.0264940408185603
PBANKA_124480,0.0035823522221868336
PBANKA_124570,0.3426889345045957
PBANKA_124580,0.0019221717831595618
PBANKA_130410,9.032521948218317e-4
PBANKA_130990,0.009256169947128266
PBANKA_131900,3.84249523658241e-4
PBANKA_133400,2.3435353221881836e-4
PBANKA_133880,5.6708916404002216e-5
PBANKA_133930,0.01545976618571769
PBANKA_134100,0.014709486903167191
PBANKA_134120,0.0075551245424838945
PBANKA_134180,5.060738619106006e-4
PBANKA_134340,0.0565861238825946
PBANKA_134350,0.009547993465561183
PBANKA_134360,0.0012641313979212653
PBANKA_134580,0.2450149136338569
PBANKA_134670,1.6671356113288162e-4
PBANKA_134820,0.0027307605898912847
PBANKA_134970,0.46624850749223457
PBANKA_135040,0.0071976698080151915
PBANKA_135240,0.0015095976124640342
PBANKA_135510,0.004879610320438939
PBANKA_135780,0.027680780670666316
PBANKA_135830,7.220624823283496e-4
PBANKA_135870,0.4342502479981893
PBANKA_135880,4.825531783997118e-4
PBANKA_135940,0.12270334762439615
PBANKA_136180,1.185615603556683
PBANKA_136230,NaN
PBANKA_136410,3.1979467734291664
PBANKA_143350,0.3742542729882391
PBANKA_143430,0.5608713671289834
PBANKA_143680,1.582447201526743e-4
PBANKA_143700,6.118761244153138e-4
PBANKA_144060,7.140094437615466e-4
PBANKA_144240,0.1326372880037272
PBANKA_144300,7.786947713373138e-4
PBANKA_144310,4.499933618640911e-4
PBANKA_144360,NaN
PBANKA_144370,1.5697729214546357e-4
PBANKA_144460,0.03875833765077735
PBANKA_144520,0.004194724501883915
PBANKA_144570,0.24387454928002933
PBANKA_144710,0.02354458120305522
PBANKA_144740,9.302950266622843e-4
PBANKA_144780,0.006740528143573824
PBANKA_144800,4.2998197934164957e-4
PBANKA_145170,2.1633707732450974e-4
PBANKA_145180,0.021564552057081098
PBANKA_145190,0.9629734888170585
PBANKA_145420,4.7634120121488706e-4
PBANKA_145960,4.4557753910999813e-4
PBANKA_145970,2.751112474976513e-4
PBANKA_146160,0.006331798323467866
PBANKA_146550,0.0510545096488699
PBANKA_041040,0.16686901826488318
PBANKA_060800,0.4834805951074208
PBANKA_062250,0.026231604635504523
PBANKA_081170,3.287249735542532e-5
PBANKA_083630,4.2958729513338157e-5
PBANKA_112180,0.02616927384841354
PBANKA_121940,0.009771791200977929
PBANKA_122570,2.1754162691068376e-4
PBANKA_131800,0.2123399599013811
PBANKA_133840,6.310774557528304e-4
PBANKA_145640,0.002459578544599715
PBANKA_020900,0.006339694522006189
PBANKA_060930,0.002105401622659323
PBANKA_061960,0.5598662640483838
PBANKA_070840,0.0028029815666981853
PBANKA_080180,NaN
PBANKA_081530,1.0560897234206468e-4
PBANKA_091480,0.0012143137500670751
PBANKA_091640,0.18079434819167964
PBANKA_091710,0.21574643665891818
PBANKA_091890,0.14565174194383948
PBANKA_093430,1.956626057547434e-4
PBANKA_094330,0.015470081665994133
PBANKA_100630,0.08952511543804771
PBANKA_102550,NaN
PBANKA_110700,0.2846748130244014
PBANKA_111970,0.30566213948372273
PBANKA_121760,2.094991179604868e-4
PBANKA_123005,0.0016997127066163875
PBANKA_131170,0.13335392392847603
PBANKA_132470,0.15572045366073223
PBANKA_136270,0.0063542586488164
PBANKA_141300,0.6942228671863073
PBANKA_142190,0.002147313493892299
PBANKA_145120,0.8363894604719855
PBANKA_010790,0.003355429741983562
PBANKA_020660,7.657840996983154e-4
PBANKA_041830,0.9833968657658801
PBANKA_060920,1.4201384917530953
PBANKA_061600,9.077467054185623
PBANKA_070820,0.6044044291195404
PBANKA_071050,0.27950552692396
PBANKA_071350,0.16698524390793382
PBANKA_071550,0.8715004331173749
PBANKA_083060,0.00518391948007765
PBANKA_091690,0.44765611110462006
PBANKA_093780,0.0010797860464149696
PBANKA_093810,0.005863679330761222
PBANKA_100620,0.4680279551865324
PBANKA_113510,2.8536798710939857e-5
PBANKA_122520,13.252077751089312
PBANKA_133950,0.07710286000609218
PBANKA_134950,0.005203098995554523
PBANKA_135440,6.568418948017437e-4
PBANKA_010210,0.0019612183084501064
PBANKA_010330,0.1243209660037812
PBANKA_010540,5.933883528121887e-4
PBANKA_010560,0.0032227654983484266
PBANKA_010880,0.0023713227521307027
PBANKA_011110,0.11700813996677507
PBANKA_020160,0.018726105943187184
PBANKA_020630,0.0026420575072738433
PBANKA_020920,0.902929722772304
PBANKA_020990,0.7319926356833587
PBANKA_021060,0.016418618922683922
PBANKA_030610,0.23165230942055284
PBANKA_030780,0.03254316792993865
PBANKA_030890,0.1318343371177341
PBANKA_031200,0.9664867501128938
PBANKA_040710,0.035086141994942505
PBANKA_040720,0.017318678160094705
PBANKA_041330,0.0015156702225875656
PBANKA_041530,8.405578233207542e-4
PBANKA_050200,1.082969186675179
PBANKA_050250,0.021166717014623252
PBANKA_050265,0.18713390232468335
PBANKA_050310,3.9696560005663984e-4
PBANKA_050330,0.4511126764781072
PBANKA_051350,0.13768022819207365
PBANKA_051450,0.0021050287707284655
PBANKA_060390,0.0735418173601182
PBANKA_061190,0.1683390566014737
PBANKA_061460,0.003848013716252483
PBANKA_070350,0.5698153386015198
PBANKA_070490,0.4705883305219687
PBANKA_070510,0.0014965549459552646
PBANKA_070590,0.2934520489180838
PBANKA_071440,0.6063940037779949
PBANKA_080030,0.29422037870330386
PBANKA_080050,0.21515263080444882
PBANKA_080670,0.0765636487467413
PBANKA_082850,0.6805637948471461
PBANKA_090020,0.17889284454732418
PBANKA_092140,0.3673908649521679
PBANKA_100260,0.6973990143458606
PBANKA_100680,0.0025321258562031024
PBANKA_100710,0.19834058043406888
PBANKA_100770,0.015489030149691578
PBANKA_100830,0.0013527450035493447
PBANKA_101280,1.4428074444489502e-4
PBANKA_103430,0.1316508141847824
PBANKA_103550,0.01553049970273516
PBANKA_110410,0.5468230438340338
PBANKA_112520,0.006486089303890786
PBANKA_112680,0.015069953281241385
PBANKA_114140,0.4778287130261437
PBANKA_120150,5.70387510236819e-4
PBANKA_120420,0.14056679109211648
PBANKA_120660,0.06713547093671672
PBANKA_121070,0.0054016045305549645
PBANKA_121660,0.006747793734788994
PBANKA_121710,0.44505340246881964
PBANKA_124020,0.762165484779879
PBANKA_130420,8.686451671855721e-4
PBANKA_130760,2.1077709412031697e-4
PBANKA_131040,8.357905557619511e-4
PBANKA_131270,0.7870182074153171
PBANKA_132200,0.5417026388027546
PBANKA_134010,2.2496114379153942e-4
PBANKA_134990,0.005871716795242203
PBANKA_140010,0.011296673740746135
PBANKA_140460,7.619090981028575e-4
PBANKA_140700,0.12526404001369987
PBANKA_140950,0.0035660277471795585
PBANKA_140960,0.8462955609316654
PBANKA_141020,0.9214613174580003
PBANKA_141040,6.679707380914601e-4
PBANKA_141340,0.0011557792929036061
PBANKA_141970,0.0037084428309623386
PBANKA_142150,0.3850718597213046
PBANKA_142630,0.05022076630163007
PBANKA_144590,0.5993280191047495
PBANKA_144630,6.282905252296649e-4
PBANKA_010110,0.7131401652836964
PBANKA_031100,NaN
PBANKA_050130,NaN
PBANKA_081640,NaN
PBANKA_091930,0.014870993477732752
PBANKA_102460,0.07650501528698174
PBANKA_113540,0.007069816571381146
PBANKA_130220,0.0032501456089230702
PBANKA_133470,0.37821484882014605
PBANKA_133680,0.014143016352150099
PBANKA_135380,2.3199739304116704
PBANKA_142320,0.0536776921771467
PBANKA_010450,0.05770010996945372
PBANKA_010570,0.17558279591899884
PBANKA_020020,0.11031994661970941
PBANKA_021030,0.01320349229683151
PBANKA_030340,0.09429985103598441
PBANKA_031360,0.03361150264662834
PBANKA_040620,0.022408326290301844
PBANKA_040910,0.006106409633219311
PBANKA_050300,0.017550628354468183
PBANKA_050510,4.350305555313936e-5
PBANKA_060940,0.006673752442992931
PBANKA_061720,3.6050683549137635e-4
PBANKA_061800,0.00529428546676152
PBANKA_080330,8.728277495665149e-5
PBANKA_081390,4.028509471931205e-5
PBANKA_082790,0.03249928549939704
PBANKA_090050,0.0051616733412347465
PBANKA_091550,1.7997212587937868e-4
PBANKA_092690,0.01545145144446753
PBANKA_093770,0.0034864359568277724
PBANKA_100210,0.794482107907568
PBANKA_100380,8.764109418230803e-5
PBANKA_101110,5.027130703937253e-5
PBANKA_103220,0.02163044960844101
PBANKA_103770,4.885073347024696e-4
PBANKA_111420,0.004923597735257299
PBANKA_113090,3.0718709185118985e-4
PBANKA_120930,0.001520059117147615
PBANKA_121540,0.004129210404778082
PBANKA_122320,0.0365723083731749
PBANKA_122820,0.03356115047806583
PBANKA_130070,0.040310729709525456
PBANKA_130960,0.016243956701536683
PBANKA_131350,1.9767777384880532e-4
PBANKA_131950,0.010543298474970427
PBANKA_132230,NaN
PBANKA_140300,0.03237787221651292
PBANKA_141580,1.916870167507871e-4
PBANKA_141620,0.0013111965800095512
PBANKA_141770,0.029680614341817863
PBANKA_142280,0.13786454406053564
PBANKA_142850,8.570225522290119e-4
PBANKA_144470,NaN
PBANKA_010040,0.2059414146107882
PBANKA_010190,0.06834837236805921
PBANKA_020690,4.874254854428063e-4
PBANKA_021100,7.089216844528493e-5
PBANKA_021300,NaN
PBANKA_030630,9.441811904564232e-4
PBANKA_030920,NaN
PBANKA_040350,1.8354384475907035e-4
PBANKA_051930,0.11029347900560604
PBANKA_051950,0.09257171132922272
PBANKA_052240,0.005720295663570606
PBANKA_052270,3.982635935208046e-5
PBANKA_061910,5.757011570478144e-5
PBANKA_062070,0.14380301461680392
PBANKA_070760,1.0361672390028621e-4
PBANKA_071720,0.003136095647021817
PBANKA_080580,0.015119262885995936
PBANKA_081300,0.06168748826744461
PBANKA_082330,0.011597583033871105
PBANKA_091760,1.0906663175401739e-4
PBANKA_091900,NaN
PBANKA_092380,3.5807202623099185e-5
PBANKA_092720,7.32619119481348e-5
PBANKA_092850,6.715907887331386e-5
PBANKA_093310,0.028837431501589652
PBANKA_093410,3.4433271141919556e-4
PBANKA_100030,0.24317244750600112
PBANKA_100130,0.009010116737231198
PBANKA_100290,1.2841210334988817e-4
PBANKA_100840,1.2075074446677743e-4
PBANKA_110070,0.04867105731984031
PBANKA_112310,0.08383650840108196
PBANKA_112750,4.8941199191768695e-5
PBANKA_113490,0.030080992739305788
PBANKA_120370,0.08344395042773892
PBANKA_121310,1.6595079527037922e-4
PBANKA_122180,9.869228606288892e-4
PBANKA_122360,NaN
PBANKA_122370,4.131485394974691e-4
PBANKA_122390,0.0027298520280182714
PBANKA_122480,0.06294909463948793
PBANKA_124600,0.12056607370395969
PBANKA_130790,0.20864083109271703
PBANKA_132210,0.04420575322948783
PBANKA_132690,1.422342792826932e-4
PBANKA_133390,0.015380033903066262
PBANKA_134530,0.00889404784212004
PBANKA_134610,0.28384341911402067
PBANKA_135160,2.6236651516311154e-5
PBANKA_136420,1.9918772128782472e-5
PBANKA_141610,5.113671821139255e-4
PBANKA_142250,4.4468978588174566e-5
PBANKA_142680,0.004840785753894482
PBANKA_143190,0.2747205811012557
PBANKA_143280,8.348948037067267e-5
PBANKA_143670,6.676668795265718e-5
PBANKA_143990,1.0801162762565169e-4
PBANKA_144340,3.699829901725052e-5
PBANKA_144650,3.62571260947302e-5
PBANKA_144830,0.3397122210966188
PBANKA_144960,0.11810100899973702
PBANKA_145080,0.05628051865304853
PBANKA_145160,1.1217586810058197e-4
PBANKA_145880,0.007628489594234652
PBANKA_031420,0.4932979333196244
PBANKA_052140,0.0015122918160702574
PBANKA_071730,0.001655854435362769
PBANKA_141450,0.1503628288249662
