barcode,gene,1.1,1.2,2.1,2.2,3.1,3.2,4.1,4.2,5.1,5.2,6.1,6.2,7.1,7.2,8.1,8.2,9.1,9.2,10.1,10.2,11.1,11.2,12.1,12.2,13.1,13.2,14.1,14.2,15.1,15.2,16.1,16.2,17.1,17.2,18.1,18.2,19.1,19.2,20.1,20.2,21.1,21.2,22.1,22.2,23.1,23.2,24.1,24.2,25.1,25.2,26.1,26.2,27.1,27.2,28.1,28.2
no_match,,2613,2601,4570,4565,4621,4537,5462,5195,2864,2846,2914,2871,3756,3755,3660,3637,3523,3323,3455,3359,4803,4801,3914,3898,4578,4127,4915,4866,4123,3890,3710,3512,5950,5761,3135,3145,3971,3704,3134,3004,5925,5967,4509,4358,2198,2159,3531,3565,3339,3179,4949,4614,3517,3427,2955,2789
aaaaagggcac,PBANKA_080070,0,0,2,3,1,1,3,3,0,0,0,0,0,0,0,0,22,26,0,0,0,0,0,0,0,0,0,0,0,0,36,35,0,0,0,0,2,2,0,0,1,1,0,0,0,0,0,0,2,3,5,5,0,0,0,0
aaaaggaagga,PBANKA_101210,0,0,0,0,0,0,0,0,0,0,0,0,0,0,1,1,0,0,0,0,0,0,0,0,0,0,0,0,0,0,0,0,0,0,0,0,0,0,0,0,0,0,0,0,0,0,0,0,0,0,0,0,0,0,0,0
aaaatgatcgg,PBANKA_120820,0,0,0,0,0,0,0,0,0,0,0,0,0,0,0,0,0,0,0,0,0,0,0,0,0,0,0,0,0,0,0,0,0,0,0,0,0,0,0,0,3,3,0,0,0,0,0,0,0,0,0,0,0,0,0,0
aaacgaattgt,PBANKA_040910,2,3,4,4,0,0,0,0,1,1,1,1,0,0,0,0,14,14,0,0,1,1,1,0,1,1,0,0,0,0,23,22,6,6,0,0,4,4,0,0,1,1,0,0,5,5,4,4,1,1,1,1,1,1,1,1
aaagctaaccg,PBANKA_094010,62,64,92,94,140,138,219,216,81,81,71,70,0,0,0,0,392,387,52,52,57,59,59,59,16,17,69,66,95,94,405,407,63,62,68,68,88,89,14,14,69,68,115,114,49,48,88,86,110,110,187,189,58,58,41,40
aaatggaactt,PBANKA_101700,0,0,0,0,0,0,0,0,0,0,0,0,0,0,0,0,0,0,0,0,0,0,0,0,0,0,0,0,0,0,0,0,0,0,0,0,0,0,0,0,0,0,1,1,0,0,0,0,0,0,0,0,0,0,0,0
aaattggatca,PBANKA_010720,0,0,0,0,1,1,0,0,0,0,0,0,0,0,0,0,0,0,0,0,0,0,0,0,0,0,6,6,3,3,0,0,0,0,0,0,0,0,0,0,3,3,1,1,0,0,0,0,0,0,0,0,0,0,0,0
aacaatgagga,PBANKA_041340,431,426,635,635,79,79,115,117,436,436,700,702,5,5,1,1,1091,1090,321,325,529,525,402,397,62,61,1168,1165,950,950,1270,1273,748,748,441,437,548,551,27,28,1255,1241,1012,1023,293,293,505,502,68,67,83,81,532,536,752,758
aacacaaccgc,PBANKA_140160,7,6,23,22,22,22,18,18,20,20,12,13,58,58,59,60,0,0,4,4,13,12,6,6,9,7,43,43,25,25,0,0,5,6,7,7,4,4,7,7,62,59,38,38,17,17,23,22,18,18,23,22,14,14,5,6
aacagggagag,PBANKA_070590,0,0,0,0,0,0,1,1,1,0,1,1,0,0,0,0,3,3,1,1,0,0,1,1,1,1,0,0,0,0,4,4,0,0,0,0,0,0,1,1,0,0,0,0,0,0,0,0,0,0,0,0,0,0,0,0
aacatccggcg,PBANKA_113230,10,10,26,26,41,41,16,15,12,12,16,17,2,2,3,4,0,0,4,4,4,4,7,7,18,18,123,123,40,39,1,1,6,6,10,10,5,5,11,11,163,163,59,58,8,7,27,28,37,37,10,10,16,16,25,25
aacggcgtact,PBANKA_111500,0,0,4,4,3,3,1,1,1,1,0,0,1,1,0,0,0,0,0,0,3,3,0,0,2,2,11,12,5,5,0,0,0,0,0,0,0,0,0,0,16,16,3,3,0,0,2,2,2,2,0,0,0,0,1,1
aagaaaagccg,PBANKA_112180,0,0,0,0,0,0,0,0,0,0,0,0,0,0,0,0,0,0,0,0,0,0,0,0,0,0,0,0,0,0,0,0,0,0,1,0,0,0,0,0,0,0,0,0,0,0,0,0,0,0,0,0,0,0,0,0
aagagctgttg,PBANKA_093280,0,0,0,0,0,0,0,0,0,0,0,0,1,1,0,0,0,0,0,0,0,0,0,0,0,0,0,0,0,0,1,1,0,0,0,0,0,0,0,0,0,0,0,0,0,0,0,0,0,0,0,0,0,0,0,0
aagagtgcaag,PBANKA_110070,0,0,0,0,0,0,0,0,0,0,0,0,0,0,0,0,0,0,0,0,0,0,0,0,0,0,0,0,0,0,0,0,0,0,0,0,0,0,0,0,0,0,0,0,0,0,0,0,0,0,0,0,1,1,0,0
aagatgggaaa,PBANKA_103040,0,0,0,0,1,1,0,0,0,0,0,0,0,0,0,0,0,0,0,0,0,0,0,0,0,0,0,0,0,0,0,0,0,0,0,0,0,0,0,0,0,0,0,0,0,0,0,0,0,0,0,0,0,0,0,0
aaggatctatc,PBANKA_136210,0,0,0,0,0,0,0,0,0,0,0,0,0,0,0,0,0,0,0,0,0,0,0,0,3,3,0,0,1,1,0,0,0,0,0,0,0,0,0,0,0,0,0,0,0,0,0,0,0,0,0,0,0,0,0,0
aaggttgtcgc,PBANKA_140440,1137,1128,1407,1404,681,676,808,793,812,803,412,410,943,928,742,741,1,1,969,961,1287,1280,1177,1175,508,505,764,751,698,701,11,12,1992,1986,1093,1080,1339,1328,398,395,738,722,761,758,919,908,999,989,562,558,748,741,773,770,421,415
aagtgaaccgt,PBANKA_101230,8,8,30,29,22,21,10,10,5,5,6,6,0,0,0,0,1,1,1,1,0,0,2,2,11,11,59,56,20,20,0,0,4,4,3,3,7,7,4,5,79,78,28,28,2,2,5,5,25,25,2,2,5,5,8,8
aatacatagaa,PBANKA_123070,0,0,0,0,0,0,0,0,0,0,0,0,0,0,0,0,0,0,0,0,0,0,0,0,0,0,1,1,0,0,0,0,0,0,0,0,0,0,0,0,0,0,0,0,0,0,0,0,0,0,0,0,0,0,0,0
aatagcgggta,PBANKA_083200,0,0,0,0,0,0,0,0,0,0,0,0,0,0,0,0,0,0,0,0,0,0,0,0,0,0,0,0,0,0,0,0,0,0,0,0,0,0,0,0,0,0,2,2,0,0,0,0,0,0,0,0,0,0,0,0
aatcccggcga,PBANKA_080560,0,0,3,3,0,0,0,0,0,0,0,0,0,0,0,0,0,0,0,0,0,0,0,0,0,0,0,0,0,0,0,0,0,0,0,0,0,0,0,0,0,0,0,0,0,0,0,0,0,0,0,0,0,0,0,0
aatcctttact,PBANKA_040820,0,0,0,0,1,1,0,0,0,0,1,1,0,0,0,0,0,0,0,0,0,0,0,0,0,0,0,0,1,1,0,0,0,0,0,0,0,0,0,0,1,1,0,0,0,0,2,2,1,1,1,1,1,1,0,0
aatcgtggacc,PBANKA_021160,0,0,0,0,0,0,0,0,0,0,0,0,0,0,0,0,0,0,0,0,0,0,0,0,1,1,0,0,0,0,0,0,0,0,0,0,0,0,0,0,0,0,0,0,0,0,0,0,0,0,0,0,0,0,0,0
aattactaccg,PBANKA_100870,5,5,9,9,9,9,5,5,1,1,12,12,0,0,1,1,1,1,1,1,5,5,0,0,2,2,41,41,9,9,0,0,2,2,6,6,0,0,3,3,40,40,11,11,3,3,11,11,7,7,4,4,7,7,5,5
acaaacggaaa,PBANKA_082300,1,1,6,6,5,5,0,0,0,0,1,2,1,1,1,1,0,0,1,1,5,5,0,0,2,2,26,26,1,1,0,0,0,0,1,1,0,0,0,0,14,14,3,3,1,2,1,1,6,6,0,0,0,0,1,1
acaattgacgg,PBANKA_133690,14,12,54,54,52,53,14,14,13,13,35,36,4,4,1,1,0,0,6,6,14,14,6,6,27,27,179,174,77,77,1,1,13,13,16,16,3,3,26,25,224,224,52,54,9,9,40,40,35,34,9,9,16,16,27,26
acacgacaagc,PBANKA_103780,1957,1949,2676,2690,2876,2859,3619,3625,1866,1854,1506,1503,2481,2473,2082,2091,5,5,1627,1635,2458,2450,2200,2193,2510,2520,2222,2219,2035,2039,25,25,3506,3508,2082,2087,2862,2870,1806,1797,2452,2435,2169,2167,1598,1601,2037,2039,2024,2025,3321,3328,2119,2124,1538,1535
acagatctgcg,PBANKA_131910,0,0,0,0,0,0,0,0,0,0,0,0,0,0,0,0,0,0,0,0,0,0,0,0,0,0,1,1,0,0,0,0,0,0,0,0,0,0,0,0,0,0,0,0,0,0,0,0,0,0,0,0,0,0,0,0
acagggattca,PBANKA_083330,0,0,0,0,0,0,0,0,0,0,0,0,0,0,0,0,0,0,0,0,0,0,0,0,0,0,0,0,1,1,0,0,0,0,0,0,0,0,0,0,0,0,0,0,0,0,0,0,0,0,0,0,0,0,0,0
acagtattgct,PBANKA_082940,3,3,6,6,2,2,1,1,2,2,1,1,0,0,0,0,14,14,3,3,1,1,4,4,0,0,0,0,0,0,17,17,6,6,0,0,6,6,0,0,0,0,0,0,3,3,5,5,2,2,2,2,1,1,2,2
acatcagaaag,PBANKA_134380,1,1,5,5,6,6,0,1,0,0,3,3,0,0,1,1,0,0,0,0,0,0,0,0,3,3,3,3,2,2,0,0,0,0,0,0,0,0,1,0,4,4,1,1,0,0,1,1,2,3,3,4,2,2,1,1
accgccatcca,PBANKA_031380,0,0,4,4,1,1,3,3,0,0,0,0,0,0,0,0,45,45,0,0,0,0,0,0,0,0,0,0,0,0,39,37,0,0,0,0,1,1,0,0,0,0,0,0,0,0,0,0,1,1,2,2,0,1,1,1
accgttgtcct,PBANKA_142690,79,81,177,177,44,44,40,39,120,118,25,25,261,258,231,231,0,0,85,89,149,147,92,93,29,29,46,48,31,31,1,1,171,169,78,79,138,137,20,20,38,38,46,45,68,69,105,101,25,26,49,46,130,131,20,20
acgaatgtgct,PBANKA_101610,0,0,0,0,0,0,0,0,0,0,0,0,0,0,0,0,0,0,0,0,0,0,0,0,0,0,0,0,0,0,0,0,0,0,0,0,0,0,0,0,2,2,0,0,0,0,0,0,0,0,0,0,0,0,0,0
acgtatcaggg,PBANKA_082710,2,2,0,0,0,0,1,1,0,0,0,0,0,0,0,0,0,0,0,0,0,0,0,0,0,0,3,3,0,0,0,0,0,0,0,0,0,0,0,0,0,0,0,0,0,0,0,0,0,0,0,0,0,0,0,0
acgtgaactta,PBANKA_041850,1,1,0,0,1,1,0,0,0,0,0,0,0,0,0,0,0,0,0,0,0,0,0,0,1,1,0,0,1,1,0,0,0,0,0,0,0,0,0,0,7,7,0,0,0,0,1,1,0,0,0,0,0,0,0,0
actcttgttat,PBANKA_103010,1180,1180,2170,2160,3347,3338,3822,3825,1296,1291,1325,1328,2631,2617,2212,2217,1,1,1024,1026,1700,1703,1387,1384,2669,2669,2097,2089,2128,2124,18,19,2166,2159,1246,1250,1830,1827,1991,1986,2194,2194,2081,2080,989,991,1386,1391,2094,2094,3255,3262,1730,1744,1373,1367
actggctcgat,PBANKA_081510,0,0,0,0,0,0,0,0,0,0,0,0,0,0,0,0,0,0,0,0,0,0,0,0,0,0,0,0,0,0,0,0,1,1,0,0,0,0,0,0,0,0,0,0,0,0,0,0,0,0,0,0,0,0,0,0
actgtcctcca,PBANKA_144480,9,9,19,19,24,24,9,9,4,4,20,21,1,1,1,1,0,0,3,2,3,3,0,0,7,7,53,56,22,22,1,1,4,4,2,2,1,1,1,1,98,100,22,22,5,5,23,23,18,18,9,9,9,9,11,11
acttacggctg,PBANKA_132360,0,0,0,0,0,0,0,0,0,0,0,0,0,0,0,0,0,0,0,0,0,0,0,0,0,0,0,0,0,0,0,0,0,0,0,0,0,0,0,0,0,0,0,0,0,0,0,0,0,0,0,0,1,1,0,0
acttttcacat,PBANKA_132610,128,125,194,195,579,566,525,532,147,145,292,289,530,539,436,438,2,2,132,131,200,203,222,223,388,391,491,486,417,422,4,4,299,297,159,159,220,218,350,354,524,529,511,513,92,93,166,166,385,389,460,457,171,175,296,299
agaggtacaat,PBANKA_101570,0,0,0,0,0,0,0,0,0,0,0,0,0,0,0,0,0,0,0,0,0,0,0,0,1,1,0,0,0,0,0,0,0,0,0,0,0,0,0,0,0,0,0,0,0,0,0,0,0,0,0,0,0,0,0,0
agaggtcgggt,PBANKA_112690,0,0,0,0,0,0,0,0,0,0,0,0,0,0,0,0,0,0,0,0,0,0,0,0,0,0,0,0,0,0,0,0,0,0,0,0,0,0,0,0,0,0,0,0,0,0,0,0,0,0,0,0,0,0,1,1
agagtttcgga,PBANKA_041190,0,0,0,0,0,0,0,0,0,0,0,0,0,0,0,0,0,0,0,0,0,0,0,0,0,0,2,2,0,0,0,0,0,0,0,0,0,0,0,0,0,0,0,0,0,0,0,0,0,0,0,0,0,0,0,0
agatcctcgac,PBANKA_041590,0,0,0,0,0,0,0,0,0,0,0,0,0,0,2,2,0,0,0,0,0,0,0,0,0,0,0,0,0,0,0,0,0,0,0,0,0,0,0,0,0,0,0,0,0,0,0,0,0,0,0,0,0,0,0,0
agcagtaaccc,PBANKA_091020,2,2,0,0,0,0,1,1,0,0,0,0,1,1,2,2,0,0,0,0,1,1,4,4,0,0,0,0,0,0,0,0,0,0,0,0,3,3,0,0,0,0,0,0,1,1,1,1,0,0,0,0,0,0,0,0
agcccgttgta,PBANKA_123730,0,0,0,0,0,0,0,0,0,0,0,0,0,0,0,0,0,0,0,0,0,0,0,0,30,31,2,2,0,0,0,0,1,1,0,0,0,0,1,1,0,0,2,2,0,0,0,0,1,1,0,0,0,0,0,0
agcgacgtagc,PBANKA_090850,0,0,0,0,0,0,3,3,0,0,0,0,0,0,0,0,0,0,0,0,0,0,0,0,0,0,0,0,0,0,0,0,0,0,0,0,0,0,0,0,0,0,0,0,0,0,0,0,0,0,0,0,0,0,0,0
agctggagttt,PBANKA_131510,0,0,1,1,0,0,0,0,0,0,0,0,0,0,0,0,0,0,0,0,0,0,0,0,1,1,0,0,0,0,0,0,0,0,0,0,0,0,0,0,0,0,0,0,0,0,0,0,0,0,0,0,0,0,0,0
aggagaactcc,PBANKA_132840,0,0,0,0,0,0,0,0,0,0,1,1,0,0,0,0,0,0,0,0,0,0,0,0,0,0,0,0,0,0,0,0,0,0,0,0,0,0,0,0,0,0,0,0,0,0,0,0,0,0,0,0,0,0,0,0
aggggataaat,PBANKA_135870,172,171,144,142,372,368,463,464,113,111,82,82,0,0,0,0,1156,1138,110,110,160,156,140,141,376,372,70,71,93,92,1335,1323,199,195,109,109,165,162,257,255,75,74,111,112,166,164,130,129,257,257,430,424,107,107,59,58
agggtatatgc,PBANKA_110930,15,15,67,67,60,60,9,9,17,17,38,36,3,3,1,1,0,0,8,8,16,16,6,6,25,25,206,204,59,58,3,3,12,13,15,15,3,3,15,16,245,246,85,85,24,24,48,48,54,51,8,7,26,25,48,47
agggtgaacag,PBANKA_082740,0,0,0,0,0,0,0,0,0,0,0,0,0,0,0,0,0,0,0,0,0,0,0,0,1,1,0,0,0,0,0,0,0,0,0,0,0,0,0,0,0,0,1,1,0,0,0,0,0,0,0,0,0,0,0,0
agggttcctat,PBANKA_051500,2143,2138,3128,3103,5521,5500,4871,4843,2365,2354,2222,2198,4955,4938,4034,4003,5,7,2055,2062,3106,3069,2447,2436,3592,3568,4370,4337,4646,4618,32,31,4162,4153,2610,2591,2618,2617,3456,3430,4864,4807,4931,4888,1701,1699,2077,2063,3735,3712,4504,4487,2595,2578,2196,2180
aggtgcgattt,PBANKA_113780,0,0,0,0,0,0,0,0,0,0,0,0,0,0,0,0,0,0,0,0,0,0,0,0,35,34,0,0,1,1,0,0,0,0,0,0,0,0,3,3,0,0,0,0,0,0,0,0,0,0,4,4,0,0,0,0
agtaagccttc,PBANKA_110420,7,7,13,13,25,24,16,17,0,0,5,5,245,247,206,204,0,0,1,1,7,7,1,1,6,6,12,12,9,9,0,0,2,3,2,3,3,4,7,7,39,38,10,10,8,8,19,19,11,12,28,27,7,8,6,6
agtccagatat,PBANKA_051700,0,0,0,0,0,0,0,0,0,0,0,0,0,0,0,0,0,0,0,0,0,0,0,0,0,0,0,0,0,0,0,0,0,0,0,0,0,0,0,0,2,2,0,0,0,0,0,0,0,0,0,0,0,0,0,0
agtgcgtacgc,PBANKA_020460,0,0,0,0,0,0,0,0,0,0,0,0,0,0,0,0,0,0,0,0,0,0,0,0,1,1,0,0,0,0,0,0,0,0,0,0,0,0,0,0,0,0,0,0,0,0,0,0,0,0,0,0,0,0,0,0
agttgacaaga,PBANKA_093200,0,0,0,0,0,0,0,0,0,0,0,0,1,1,0,0,0,0,0,0,0,0,0,0,0,0,0,0,0,0,0,0,0,0,0,0,0,0,0,0,0,0,0,0,0,0,0,0,0,0,0,0,0,0,0,0
ataaaacgacc,PBANKA_081500,0,0,0,0,0,0,0,0,0,0,0,0,0,0,0,0,0,0,0,0,2,0,0,0,0,0,0,0,0,0,0,0,0,0,0,0,0,0,0,0,0,0,0,0,0,0,0,0,0,0,0,0,0,0,0,0
atacgctaccg,PBANKA_110780,8,8,47,48,39,38,7,7,13,13,33,35,3,3,1,1,0,0,5,5,11,9,9,8,9,9,120,120,44,43,0,0,4,4,2,2,2,2,9,9,182,182,51,50,12,12,38,37,25,25,3,3,7,7,27,27
atagatcgttt,PBANKA_083300,0,0,0,0,0,0,0,0,0,0,0,0,0,0,0,0,0,0,0,0,0,0,0,0,0,0,0,0,0,0,0,0,0,0,0,0,0,0,0,0,0,0,0,0,0,0,0,0,1,1,0,0,0,0,0,0
ataggtggtga,PBANKA_071010,15,14,68,67,46,45,18,17,18,18,30,29,2,2,3,3,1,1,7,7,19,20,13,13,28,28,206,202,56,54,2,2,13,13,12,13,5,5,16,16,239,238,88,87,16,15,49,49,53,56,18,18,26,25,34,35
atatccgttag,PBANKA_094230,4,4,18,17,10,10,2,2,4,4,12,12,0,0,0,0,0,0,0,0,4,4,2,2,7,7,40,40,18,19,1,1,1,1,6,6,1,1,4,4,50,49,19,19,2,2,11,11,7,7,1,1,4,4,6,6
atatgagaggt,PBANKA_101520,44,43,35,35,22,22,64,63,26,26,27,28,262,260,260,261,0,1,13,13,24,24,42,41,29,29,36,35,26,26,0,0,49,49,24,24,58,57,20,18,24,24,40,42,46,46,31,29,24,24,43,42,22,22,33,34
atatgcaggtt,PBANKA_146550,0,0,0,0,0,0,0,0,0,0,0,0,0,0,0,0,0,0,0,0,0,0,0,0,0,0,0,0,0,0,0,0,0,0,0,0,0,0,0,0,0,0,2,2,0,0,0,0,0,0,0,0,0,0,0,0
atcaacgtaag,PBANKA_040780,153,155,267,267,236,236,202,202,201,202,292,289,4,4,0,0,355,357,204,207,379,373,229,229,176,175,519,516,438,435,428,429,355,352,204,205,260,258,135,134,484,482,445,444,153,153,167,163,131,129,186,185,261,265,297,297
atcaggtacca,PBANKA_112190,0,0,0,0,2,1,0,0,0,0,2,2,0,0,0,0,0,0,0,0,0,0,0,0,0,0,2,2,0,0,0,0,0,0,0,0,0,0,0,0,1,1,5,5,0,0,0,0,0,0,0,0,1,1,0,0
atccggcgggg,PBANKA_041580,0,0,0,0,0,0,0,0,0,0,0,0,0,0,0,0,0,0,0,0,0,0,0,0,0,0,0,0,0,0,0,0,0,0,0,1,0,0,0,0,0,0,0,0,0,0,0,0,0,0,0,0,0,0,0,0
atctattcaag,PBANKA_146070,0,0,0,0,0,0,0,0,0,0,0,0,0,0,0,0,0,0,0,0,0,0,0,0,0,0,0,0,0,0,0,0,0,0,0,0,0,0,0,0,0,0,0,0,0,0,0,0,1,1,0,0,0,0,0,0
atctcacgttc,PBANKA_131790,0,0,0,0,0,0,0,0,0,0,0,0,0,0,0,0,0,0,0,0,0,0,0,0,0,0,0,1,0,0,0,0,0,0,0,0,0,0,0,0,0,0,0,0,0,0,0,0,0,0,0,0,0,0,0,0
atctgcaatca,PBANKA_091710,10,10,8,8,2,2,11,11,1,1,3,3,99,98,79,82,0,0,1,1,4,4,9,10,3,2,2,2,5,5,0,0,3,3,4,4,7,7,7,7,3,3,0,0,12,12,5,5,3,3,11,11,6,6,4,4
atctgctcact,PBANKA_030970,4,4,24,24,31,31,3,3,5,5,5,5,1,1,2,2,0,0,5,5,3,3,5,5,13,13,101,102,29,29,1,1,6,6,5,5,5,5,6,6,113,115,24,25,5,5,13,13,11,11,3,3,9,8,18,19
atgaggatggg,PBANKA_094330,0,0,0,0,2,2,0,0,0,0,0,0,0,0,0,0,0,0,0,0,0,0,0,0,0,0,1,1,2,2,0,0,0,0,0,0,0,0,0,0,4,4,2,2,1,1,0,0,0,0,0,0,0,0,0,0
atgaggttaaa,PBANKA_111200,22,23,117,118,120,120,29,30,19,19,49,49,1,1,3,3,1,1,7,7,20,19,12,13,24,24,286,286,95,93,1,1,12,12,18,18,18,18,30,28,346,342,119,118,25,25,97,97,74,75,21,21,37,38,60,61
atgattagtct,PBANKA_080030,28,28,24,24,18,18,20,20,14,14,11,11,0,0,0,0,41,41,9,10,17,17,20,20,9,9,15,16,5,5,56,56,27,26,20,20,33,29,7,7,17,17,9,9,9,9,16,16,16,15,15,17,14,13,11,11
atgattttacg,PBANKA_031160,0,0,0,0,2,2,4,5,0,0,0,0,1,1,0,0,27,29,0,0,0,0,0,0,3,3,2,2,1,1,40,40,0,0,0,0,0,0,0,0,3,3,1,1,0,0,0,0,0,0,2,2,0,0,0,0
atgcgcgcaaa,PBANKA_040940,4,4,7,7,4,4,0,0,5,5,21,21,23,23,16,17,0,0,3,3,4,4,4,4,0,0,21,21,37,37,0,0,10,10,0,0,9,9,1,1,27,28,28,29,5,5,6,6,3,3,1,1,6,6,17,16
atgttgatcac,PBANKA_060390,115,118,186,185,310,313,401,403,96,92,217,214,2,2,1,1,473,477,159,162,146,147,145,144,320,319,364,371,255,256,541,545,270,273,155,154,214,214,287,288,424,430,333,331,93,92,159,161,251,251,322,323,99,99,225,223
attattttgat,PBANKA_010530,487,485,1128,1123,86,85,134,129,381,385,45,45,2,2,0,0,1012,1014,298,295,327,328,340,344,91,89,100,100,68,71,1048,1047,676,680,290,288,579,586,51,51,81,81,61,60,371,371,807,805,83,82,118,118,457,463,59,59
attcaagggct,PBANKA_061510,1,1,6,5,9,9,2,2,5,5,4,4,0,0,0,0,0,0,0,0,0,0,0,0,3,3,28,28,8,8,0,0,1,1,1,1,0,0,2,2,30,30,9,9,4,4,8,7,4,4,3,3,1,1,3,3
attcgggttaa,PBANKA_080650,0,0,0,0,0,0,0,0,0,0,0,0,0,0,0,0,0,0,0,0,0,0,0,0,0,0,2,2,0,0,0,0,0,0,0,0,0,0,0,0,0,0,0,0,0,0,0,0,0,0,0,0,0,0,0,0
attctccccga,PBANKA_083040,0,0,0,0,0,0,0,0,0,0,0,0,0,0,0,0,0,0,0,0,2,2,0,0,2,2,1,1,0,0,0,0,0,0,0,0,0,0,0,0,0,0,0,0,0,0,0,0,0,0,1,1,0,0,0,0
attcttataac,PBANKA_090260,79,80,138,138,157,156,160,163,90,90,98,97,172,173,145,143,0,0,92,90,153,153,86,85,150,151,153,154,146,146,0,0,198,196,106,108,100,99,128,131,184,182,160,159,71,73,94,94,115,114,158,158,122,123,70,72
attcttgctgc,PBANKA_021180,0,0,0,0,0,0,0,0,0,0,0,0,0,0,0,0,0,0,0,0,0,0,0,0,14,13,0,0,0,0,0,0,0,0,0,0,0,0,0,0,0,0,0,0,0,0,0,0,0,0,0,0,0,0,0,0
attgatctgta,PBANKA_103170,90,89,96,94,126,124,125,128,58,58,60,59,196,197,171,173,0,0,61,61,71,68,75,74,131,131,126,125,91,91,1,1,113,111,56,55,88,90,77,76,99,103,84,84,69,69,72,72,88,91,131,129,65,66,50,50
atttaattgaa,PBANKA_141110,11,10,41,40,31,33,59,60,7,7,3,3,359,359,326,324,0,0,4,4,6,6,7,8,20,20,9,9,13,13,0,0,8,8,3,3,5,5,19,19,11,10,14,14,11,11,44,43,28,27,47,48,10,10,4,4
atttcacgtct,PBANKA_131730,0,0,0,0,0,0,0,0,0,0,0,0,0,0,0,0,0,0,0,0,0,0,0,0,0,0,1,1,1,1,0,0,0,0,0,0,0,0,0,0,1,1,0,0,0,0,0,0,0,0,0,0,0,0,0,0
atttcacgttt,PBANKA_120790,11,11,90,89,70,70,29,29,27,27,50,50,1,1,3,3,3,3,8,7,12,12,5,5,24,24,215,212,78,79,4,3,9,9,18,18,8,8,23,23,312,308,115,114,22,22,81,82,57,57,25,25,36,35,44,45
atttggtgccg,PBANKA_120780,653,653,896,895,1977,1955,2307,2276,645,642,1049,1039,3,3,0,0,4103,4085,600,599,954,955,705,703,1849,1837,1896,1895,1632,1620,4625,4601,1289,1280,714,709,928,921,1313,1301,1906,1886,1825,1809,473,469,632,631,1617,1611,2098,2089,690,684,1035,1024
attttccatcc,PBANKA_135610,0,0,0,0,0,0,0,0,0,0,0,0,0,0,0,0,0,0,0,0,0,0,0,0,0,0,0,0,0,0,0,0,0,0,0,0,1,1,0,0,0,0,0,0,0,0,0,0,0,0,0,0,0,0,0,0
caaactacgca,PBANKA_070120,0,0,0,0,0,0,0,0,0,0,0,0,0,0,0,0,0,0,0,0,0,0,0,0,0,0,1,1,0,0,0,0,0,0,0,0,0,0,0,0,0,0,0,0,0,0,0,0,0,0,0,0,0,0,0,0
caacatcgggt,PBANKA_082160,0,0,0,0,0,0,0,0,0,0,0,0,0,0,0,0,0,0,0,0,0,0,0,0,0,0,0,0,0,0,0,0,0,0,0,0,1,1,0,0,0,0,0,0,0,0,0,0,0,0,0,0,0,0,0,0
caaccccccgg,PBANKA_124070,0,0,0,0,0,0,0,0,0,0,0,0,0,0,0,0,0,0,0,0,0,0,0,0,0,0,2,2,0,0,0,0,0,0,0,0,0,0,2,2,0,0,0,0,0,0,0,0,0,0,0,0,0,0,0,0
caactcggatg,PBANKA_130450,22,22,62,62,82,82,28,29,17,17,43,45,0,0,2,2,3,3,9,11,9,9,16,16,31,31,287,288,106,107,0,0,8,6,16,16,5,5,23,24,313,311,77,79,17,18,78,79,45,44,34,35,24,23,67,66
caagaaggaag,PBANKA_140020,7,7,37,37,24,24,5,4,10,10,23,23,2,2,0,0,1,1,2,2,17,17,4,4,10,10,111,111,33,33,4,4,16,15,6,6,2,2,8,8,85,82,53,52,4,4,21,21,22,22,6,6,7,7,22,23
caagagtgcct,PBANKA_030670,0,0,0,0,0,0,0,0,0,0,0,0,0,0,0,0,0,0,0,0,0,0,0,0,0,0,0,0,0,0,0,0,0,0,0,0,0,0,0,0,0,0,1,1,0,0,0,0,0,0,0,0,0,0,0,0
caagtatatcg,PBANKA_071650,2245,2243,2994,2975,1942,1932,1262,1248,2201,2196,2714,2688,5354,5348,4218,4190,3,3,2399,2384,3603,3609,2839,2816,913,913,4807,4761,4784,4768,24,23,4767,4753,2740,2732,3376,3372,611,615,5416,5348,4935,4883,1879,1881,2106,2083,1379,1370,1066,1062,2492,2479,2754,2743
caagtgctgtc,PBANKA_080010,3,3,8,8,15,15,6,6,2,2,6,6,0,0,1,1,0,0,0,0,5,5,4,4,4,4,32,31,16,17,0,0,0,0,0,0,0,0,1,1,51,51,17,16,3,3,9,10,10,10,2,2,2,3,10,9
caataggcgac,PBANKA_131270,294,286,535,539,552,554,648,642,387,390,328,327,1,1,0,0,547,545,229,230,349,346,340,338,482,481,446,444,444,445,701,703,477,482,333,333,439,436,303,302,546,548,405,406,262,262,385,387,367,366,643,646,479,478,348,350
caatcgatacg,PBANKA_031500,0,0,0,0,0,0,0,0,0,0,0,0,0,0,0,0,0,0,0,0,0,0,0,0,0,0,0,0,0,0,0,0,0,0,0,0,0,0,0,0,1,1,0,0,0,0,0,0,0,0,0,0,0,0,0,0
caccccaggag,PBANKA_071230,202,199,395,397,73,72,66,64,207,208,9,9,0,0,0,0,370,368,125,121,158,159,108,107,54,55,13,13,28,28,451,455,210,207,128,125,134,134,37,38,22,22,17,17,151,152,266,267,70,69,51,52,212,212,8,8
cacctctcatc,PBANKA_141050,4,4,31,31,21,21,7,7,2,2,14,16,0,0,2,2,1,1,4,4,11,11,2,2,6,6,56,56,22,22,0,0,7,6,13,13,3,3,6,6,110,109,31,31,5,5,19,19,21,20,6,6,8,8,10,10
cacgcaccttt,PBANKA_083210,67,67,116,117,252,253,228,225,104,105,128,130,115,119,130,132,0,0,49,49,73,73,65,65,193,194,293,294,227,232,5,5,96,98,54,56,82,85,150,150,319,310,213,215,83,82,93,93,245,244,178,176,129,130,156,156
cacgttcgatt,PBANKA_114280,0,0,0,0,0,0,0,0,0,0,0,0,0,0,0,0,1,1,0,0,0,0,0,0,0,0,0,0,0,0,0,0,0,0,0,0,0,0,3,3,0,0,0,0,0,0,5,5,0,0,0,0,1,1,0,0
cagagacgtgt,PBANKA_133990,0,0,0,0,1,1,0,0,0,0,0,0,0,0,0,0,0,0,0,0,0,0,0,0,0,0,0,0,0,0,0,0,0,0,0,0,0,0,0,0,0,0,0,0,0,0,0,0,0,0,0,0,0,0,0,0
cagaggtatcc,PBANKA_070600,0,0,0,0,0,0,0,0,0,0,0,0,0,0,0,0,0,0,0,0,2,2,0,0,0,0,0,0,0,0,0,0,0,0,0,0,0,0,0,0,0,0,0,0,0,0,0,0,0,0,0,0,0,0,0,0
caggtgataag,PBANKA_132330,70,70,138,138,346,341,458,454,118,118,164,165,0,0,0,0,581,572,92,93,131,127,100,99,273,275,280,273,266,264,633,629,260,256,130,127,113,113,226,220,306,300,293,290,66,66,78,80,248,248,353,348,142,142,210,208
cataacgtagc,PBANKA_102390,0,0,0,0,0,0,0,0,0,0,0,0,0,0,0,0,0,0,0,0,0,0,0,0,0,0,0,0,0,0,0,0,0,0,0,0,0,0,0,0,1,1,0,0,0,0,0,0,0,0,0,0,0,0,0,0
cataggttctg,PBANKA_111430,0,0,7,7,12,12,0,0,0,0,2,2,0,0,1,1,0,0,0,0,2,2,0,0,0,0,23,21,3,3,0,0,2,2,0,0,0,0,4,4,39,39,8,8,0,0,6,6,2,2,0,0,1,1,3,3
catcgcggaga,PBANKA_102410,50,50,83,85,17,16,28,28,40,40,41,41,85,86,86,86,0,0,47,46,63,61,80,79,9,9,38,37,43,43,1,1,59,58,44,43,81,79,9,9,39,37,42,42,58,58,61,61,16,16,23,24,39,38,31,31
catgacggtgg,PBANKA_120520,0,0,0,0,0,0,1,0,0,0,0,0,0,0,0,0,0,0,0,0,0,0,0,0,0,0,0,0,1,1,0,0,0,0,0,0,0,0,1,1,5,5,0,0,0,0,0,0,1,1,0,0,0,0,0,0
catgctatacg,PBANKA_144380,31,31,60,60,32,31,99,101,23,24,46,47,529,528,441,438,0,0,10,11,19,19,71,71,56,56,52,54,28,28,0,0,45,43,27,27,88,89,53,52,47,48,18,18,24,24,29,28,37,37,88,86,19,19,30,31
catggatgggc,PBANKA_113980,6,5,13,13,15,15,0,0,1,1,15,15,0,0,0,0,0,0,1,1,4,4,10,10,5,5,50,50,15,15,0,0,2,2,1,1,5,5,6,6,64,61,9,9,6,6,11,11,9,10,5,5,1,1,13,13
cattgaacgat,PBANKA_100640,0,0,0,0,0,0,0,0,0,0,0,0,0,0,0,0,2,2,0,0,0,0,0,0,4,4,0,0,1,1,0,0,0,0,0,0,0,0,3,3,1,1,0,0,0,0,0,0,0,0,0,0,0,0,2,2
cattgcagtcc,PBANKA_111530,0,0,0,0,0,0,0,0,0,0,0,0,0,0,0,0,0,0,0,0,0,0,0,0,20,20,0,0,0,0,0,0,0,0,0,0,0,0,1,1,0,0,0,0,0,0,0,0,0,0,0,0,0,0,1,1
ccaaattcata,PBANKA_091150,0,0,0,0,0,0,0,0,0,0,0,0,0,0,1,1,0,0,0,0,0,0,0,0,0,0,0,0,0,0,0,0,0,0,0,0,0,0,0,0,0,0,0,0,0,0,0,0,0,0,0,0,0,0,0,0
ccaatcctcgg,PBANKA_061230,0,0,0,0,0,0,0,0,0,0,0,0,0,0,0,0,0,0,0,0,0,0,0,0,0,0,0,0,1,1,1,1,0,0,0,0,0,0,0,0,0,0,0,0,0,0,0,0,0,0,0,0,0,0,0,0
ccacatatatc,PBANKA_021290,0,0,0,0,0,0,0,0,0,0,0,0,0,0,0,0,0,0,0,0,0,0,1,1,1,0,0,0,0,0,0,0,0,0,0,0,0,0,0,0,0,0,0,0,0,0,0,0,0,0,0,0,0,0,0,0
ccacctgccca,PBANKA_010620,517,513,779,774,424,422,452,449,670,684,251,252,324,321,340,352,0,0,472,471,854,855,650,653,346,346,472,473,380,383,2,2,967,979,569,570,840,845,248,253,430,433,420,417,417,411,526,532,290,288,439,439,799,802,259,265
ccagccggcat,PBANKA_091510,0,0,0,0,0,0,0,0,0,0,0,0,0,0,0,0,0,0,1,1,0,0,0,0,0,0,0,0,0,0,0,0,0,0,0,0,0,0,0,0,2,2,0,0,0,0,0,0,0,0,0,0,0,0,0,0
ccatagtctgg,PBANKA_103430,47,47,121,121,5,5,9,9,39,38,2,2,0,0,0,0,161,160,14,14,45,44,30,30,1,1,5,4,1,1,194,192,42,41,36,35,35,35,1,1,2,2,5,5,24,24,85,84,4,4,2,2,53,53,0,0
ccattttccat,PBANKA_052320,0,0,0,0,0,0,0,0,0,0,0,0,0,0,0,0,0,0,0,0,0,0,0,0,0,0,0,0,0,0,0,0,0,0,0,0,0,0,0,0,0,0,0,0,0,0,0,0,0,0,1,1,0,0,0,0
cccagccgctt,PBANKA_051810,0,0,0,0,0,0,0,0,0,0,0,0,0,0,0,0,0,0,0,0,0,0,0,0,0,0,0,0,0,0,0,0,0,0,0,0,0,0,0,0,1,1,0,0,0,0,0,0,0,0,0,0,0,0,0,0
cccagcttgaa,PBANKA_124220,2,2,6,6,7,7,1,1,0,0,2,2,0,0,0,0,0,0,3,3,0,0,6,6,0,0,13,12,4,4,0,0,0,0,0,0,1,1,4,4,12,12,11,11,2,2,3,3,2,2,2,2,2,2,2,2
cccccaccgct,PBANKA_131670,8,9,12,12,1,1,6,6,3,3,0,0,0,0,0,0,98,98,4,4,2,2,11,10,0,0,3,4,0,0,125,123,0,0,2,2,5,5,0,0,1,1,0,0,8,8,5,5,2,2,0,0,1,1,2,2
cccgaagttgg,PBANKA_100860,45,46,63,64,124,123,180,179,37,37,78,78,0,0,0,0,244,245,60,58,74,72,55,56,151,151,138,138,99,95,244,240,82,83,31,30,72,72,91,92,183,176,93,93,21,22,46,46,89,89,144,140,46,45,92,92
cccgatccttc,PBANKA_101530,3,2,6,7,7,7,0,0,3,3,9,9,0,0,0,0,0,0,2,2,5,5,0,0,3,3,32,32,18,18,0,0,3,3,2,2,2,2,4,4,56,55,14,14,2,2,16,15,5,5,2,2,1,1,8,8
ccctacctttg,PBANKA_113890,5,5,19,20,18,18,7,7,4,5,16,16,1,1,0,0,1,1,1,1,11,11,5,5,9,9,76,75,28,27,0,0,5,5,8,8,3,3,6,6,77,78,27,28,6,7,21,21,27,27,5,5,4,4,11,11
ccctcaaatac,PBANKA_135960,652,656,919,931,1693,1704,1457,1486,729,738,691,688,1104,1122,927,932,2,2,635,642,1077,1089,732,727,1309,1326,1161,1173,1307,1318,11,11,1170,1179,911,914,848,855,975,988,1247,1255,1292,1301,475,480,663,672,1046,1047,1315,1332,809,816,777,785
ccctgaggtgt,PBANKA_145690,0,0,0,0,0,0,0,0,0,0,0,0,0,0,0,0,0,0,0,0,0,0,0,0,0,0,0,0,0,0,0,0,0,0,0,0,0,0,0,0,0,0,0,0,0,0,0,0,0,0,0,0,0,0,1,1
ccgaagatccg,PBANKA_135750,14,14,93,90,90,89,25,26,23,23,50,51,4,4,5,5,2,2,7,9,12,12,8,8,26,26,285,276,85,85,2,2,16,16,29,27,9,9,13,13,294,292,122,121,21,22,82,82,62,62,19,19,32,32,53,52
ccgagggcacc,PBANKA_090270,0,0,0,0,2,2,0,0,0,0,0,0,0,0,0,0,0,0,0,0,0,0,0,0,4,4,2,2,0,0,0,0,0,0,0,0,2,2,1,1,2,2,2,2,0,0,1,1,0,0,0,0,0,0,0,0
ccgatgtgcac,PBANKA_040170,90,94,119,120,56,58,144,143,49,50,22,22,3,3,0,0,79,79,60,59,71,73,88,90,75,76,18,18,36,37,85,86,185,189,44,48,152,155,49,49,24,26,23,24,68,71,76,79,41,41,77,81,58,58,21,22
ccgcaattttt,PBANKA_100120,19,18,97,97,90,90,19,18,27,27,47,46,1,1,5,5,4,4,13,13,22,23,7,7,40,39,263,265,99,101,6,6,11,11,24,25,5,5,32,32,345,341,108,106,18,17,79,80,70,68,13,15,26,26,75,74
ccgcatgtggg,PBANKA_135940,6,6,4,4,0,0,2,2,3,3,0,0,0,0,0,0,25,24,5,6,0,0,5,5,0,0,0,0,0,0,27,27,3,3,0,0,4,4,0,0,0,0,0,0,2,2,3,3,0,0,3,3,2,2,0,0
ccgccagggtg,PBANKA_021230,0,0,0,0,0,0,0,0,0,0,0,0,0,0,0,0,0,0,0,0,0,0,0,0,0,0,0,0,0,0,0,0,0,0,0,0,0,0,0,0,0,0,2,2,0,0,0,0,0,0,0,0,0,0,0,0
ccgctatactc,PBANKA_121440,0,0,0,0,0,0,0,0,0,0,0,0,0,0,1,1,0,0,0,0,0,0,0,0,0,0,0,0,0,0,0,0,0,0,0,0,0,0,0,0,0,0,0,0,0,0,0,0,0,0,0,0,0,0,0,0
ccggctggagg,PBANKA_121770,112,111,172,170,62,62,65,63,88,86,10,10,198,197,138,133,0,0,67,66,115,114,59,60,47,47,20,20,17,18,1,1,162,160,106,102,93,91,25,25,14,14,28,28,97,97,132,132,49,47,86,86,122,123,10,10
ccggtcactat,PBANKA_071470,953,959,1687,1688,791,791,932,933,1007,1013,528,526,10,10,0,0,942,949,791,791,1090,1094,869,878,801,795,854,849,739,747,1177,1165,1575,1574,910,903,1172,1180,550,552,1015,1011,726,715,722,720,1141,1148,556,557,879,883,1049,1052,498,504
ccgtgctgacc,PBANKA_020350,6,6,22,23,14,13,7,7,1,1,13,13,0,0,1,1,0,0,0,0,6,6,1,1,6,6,58,59,16,17,0,0,4,4,4,4,4,4,6,6,75,76,20,21,8,6,12,12,12,12,3,3,7,7,10,11
cctatcacagc,PBANKA_041830,81,82,104,104,66,65,33,32,48,48,73,71,1,1,0,0,1561,1574,34,36,74,75,81,80,21,22,83,83,86,86,1879,1885,118,120,53,53,130,131,20,20,112,112,88,87,60,59,59,57,54,56,39,39,62,61,67,68
cctcccggtta,PBANKA_080900,0,0,2,2,0,0,0,0,0,0,0,0,0,0,0,0,0,0,0,0,0,0,0,0,0,0,0,0,0,0,0,0,0,0,0,0,0,0,0,0,0,0,0,0,0,0,10,10,0,0,0,0,0,0,0,0
cctcgaaacag,PBANKA_111620,0,0,0,0,0,0,0,0,0,0,0,0,0,0,0,0,0,0,0,0,0,0,0,0,0,0,0,0,0,0,0,0,0,0,0,0,0,0,0,0,0,0,0,0,0,0,1,1,0,0,0,0,0,0,0,0
cctcttacccg,PBANKA_061520,32,32,36,36,94,93,148,150,16,16,80,80,0,0,0,0,291,287,31,31,30,30,34,36,121,123,143,144,68,67,335,331,76,76,34,34,46,45,103,102,118,118,85,84,19,20,33,32,68,66,137,137,26,26,65,65
ccttcacgagg,PBANKA_111210,0,0,0,0,0,0,1,1,0,0,0,0,0,0,0,0,0,0,0,0,0,0,0,0,0,0,1,1,0,0,0,0,0,0,0,0,0,0,0,0,0,0,0,0,0,0,0,0,0,0,0,0,0,0,0,0
cctttcttgtc,PBANKA_082640,11,10,53,50,47,47,2,2,14,14,22,22,4,4,2,2,1,1,3,3,15,15,6,6,15,15,145,145,53,52,2,2,13,13,11,11,7,7,17,17,191,193,53,56,9,9,37,37,44,43,11,12,18,18,27,26
cgaagtagcaa,PBANKA_111760,0,0,0,0,0,0,0,0,0,0,0,0,5,5,0,0,0,0,0,0,0,0,0,0,0,0,0,0,0,0,0,0,0,0,0,0,0,0,0,0,1,1,0,0,0,0,2,2,0,0,0,0,0,0,0,0
cgaatcattgt,PBANKA_094020,594,592,732,737,1022,1012,973,969,498,494,644,639,1095,1095,942,938,3,3,614,609,901,887,829,826,970,969,1243,1242,1123,1116,11,11,1358,1349,738,732,1177,1177,638,635,1391,1370,1193,1195,495,497,523,520,636,628,819,809,587,592,572,567
cgactagtacc,PBANKA_092110,171,178,305,307,218,217,158,159,177,176,122,122,172,171,141,141,1,1,172,170,313,311,183,191,142,139,303,303,195,190,3,3,319,318,228,228,274,271,104,103,320,320,219,216,128,128,259,256,158,155,161,160,175,177,113,113
cgactggtgaa,PBANKA_142620,2,2,2,2,0,0,3,3,0,0,0,0,0,0,0,0,1,1,0,0,0,0,0,0,1,1,0,0,0,0,0,0,0,0,0,0,0,0,0,0,0,0,0,0,0,0,0,0,0,0,0,0,1,0,0,0
cgagagataca,PBANKA_083110,473,475,878,878,1240,1225,1476,1465,478,476,754,740,4,4,0,0,2224,2210,413,412,592,592,477,481,1009,1007,1334,1320,1010,1001,2528,2502,730,720,392,389,586,587,833,836,1402,1399,1104,1094,405,403,688,690,843,840,1302,1308,545,540,773,770
cgagtaatgtt,PBANKA_120930,0,0,1,0,0,0,0,0,0,0,0,0,0,0,0,0,0,0,0,0,0,0,0,0,0,0,0,0,0,0,0,0,0,0,0,0,0,0,0,0,0,0,0,0,0,0,0,0,0,0,0,0,0,0,0,0
cgatctttctc,PBANKA_112920,942,944,1827,1839,325,325,380,381,1216,1218,147,144,393,395,384,386,0,0,847,855,1259,1261,974,976,175,171,155,152,200,204,11,10,1627,1634,1005,1006,1293,1296,143,144,198,198,225,222,728,725,1285,1276,253,255,344,343,1326,1336,125,127
cgatgtttat,PBANKA_130690,0,0,0,0,0,0,0,0,0,0,0,0,0,0,0,0,0,0,0,0,0,0,0,0,0,0,0,0,0,0,0,0,0,0,0,0,0,0,2,2,0,0,0,0,0,0,0,0,0,0,0,0,0,0,0,0
cgcgggttcga,PBANKA_061870,0,0,0,0,0,0,0,0,0,0,0,0,0,0,0,0,0,0,0,0,0,0,0,0,0,0,0,0,0,0,0,0,0,0,0,0,0,0,0,0,1,1,0,0,0,0,0,0,0,0,0,0,0,0,0,0
cgctaagtccg,PBANKA_010240,6,6,44,44,26,26,8,8,8,8,4,4,0,0,1,1,10,10,7,7,7,6,7,7,19,19,79,78,29,30,5,4,23,24,4,4,5,6,6,6,90,85,40,41,10,10,32,32,16,16,7,7,16,16,11,12
cgctgcaaacg,PBANKA_010770,1,1,1,1,0,0,0,0,0,0,0,0,8,8,10,10,0,0,0,0,0,0,2,2,0,0,0,0,0,0,0,0,0,0,0,0,0,0,0,0,1,1,0,0,0,0,0,0,0,0,0,0,0,0,2,2
cggaatgccag,PBANKA_031000,93,93,155,156,117,115,122,122,95,94,82,79,192,193,192,196,1,1,44,43,87,87,59,59,78,81,128,127,87,88,1,1,123,124,61,61,83,86,64,63,195,194,156,155,80,78,118,118,75,76,96,97,142,144,51,48
cggaggtttat,PBANKA_123560,109,108,151,152,69,69,73,70,84,84,86,86,604,606,533,529,1,1,55,53,128,129,85,84,81,82,164,165,137,136,2,2,128,128,93,92,142,139,43,42,185,179,119,119,87,88,126,126,76,76,60,59,85,85,91,90
cggagtacgtt,PBANKA_103440,12,12,56,54,121,123,128,127,20,20,31,32,585,587,492,495,0,0,24,24,18,18,29,30,25,25,77,75,56,55,2,2,32,31,15,15,23,24,27,26,138,138,42,46,8,7,28,27,65,64,102,102,11,11,29,29
cggcctggtat,PBANKA_100630,2,2,6,6,3,3,3,3,1,1,0,0,0,0,2,2,0,0,0,0,3,3,0,0,2,2,23,23,11,11,0,0,3,3,4,4,0,0,2,2,30,30,6,6,1,1,2,2,5,5,2,2,4,4,3,3
cggggacttac,PBANKA_141810,379,390,608,615,1477,1509,1480,1495,515,524,31,32,887,898,704,713,2,2,324,336,486,495,372,371,1069,1097,56,57,116,119,4,4,636,648,493,498,500,508,854,863,48,51,134,133,284,289,465,476,1079,1097,1253,1285,567,580,44,45
cgggtgctagt,PBANKA_051880,92,93,142,141,119,118,260,261,34,33,134,134,388,391,305,308,1,1,45,45,39,39,96,95,88,85,102,100,88,86,1,1,91,89,44,43,156,153,51,51,124,124,88,85,78,78,87,86,61,58,260,256,55,54,110,111
cggtcgaggta,PBANKA_124020,55,55,56,55,38,37,76,81,48,49,37,37,2,1,0,0,57,57,67,67,54,55,88,84,32,34,23,23,20,20,66,67,118,119,53,53,97,96,28,28,43,42,31,31,54,54,61,59,26,26,63,64,51,52,21,21
cggttttttta,PBANKA_082030,576,575,653,659,572,566,831,840,466,466,732,731,1285,1291,1195,1197,2,2,618,622,823,824,817,816,623,627,943,940,878,874,9,9,1207,1212,664,666,1102,1097,542,541,1031,1026,896,892,448,448,498,495,457,453,783,787,575,576,689,691
cgtaagctgac,PBANKA_142720,1,1,7,7,5,5,0,0,0,0,1,1,0,0,0,0,0,0,0,0,0,0,0,0,0,0,5,5,3,3,0,0,0,0,0,0,0,0,1,1,3,3,2,2,0,0,6,6,0,0,1,1,1,1,0,0
cgtacccctat,PBANKA_136410,0,0,0,0,0,0,0,0,0,0,0,0,0,0,1,1,0,0,0,0,0,0,0,0,0,0,0,0,0,0,0,0,0,0,0,0,0,0,0,0,0,0,0,0,0,0,0,0,0,0,0,0,0,0,0,0
cgtactgtgag,PBANKA_114480,154,149,219,221,286,289,180,178,94,93,14,14,0,0,0,0,232,232,78,79,100,98,117,118,151,152,2,2,1,1,286,286,159,158,98,100,135,135,109,108,5,5,16,16,111,109,149,146,176,176,167,164,107,107,0,0
cgtgcgaaatg,PBANKA_121340,0,0,0,0,0,0,0,0,0,0,0,0,0,0,0,0,0,0,0,0,0,0,0,0,0,0,0,0,0,0,0,0,0,0,0,0,0,0,0,0,1,1,0,0,0,0,0,0,0,0,0,0,0,0,0,0
cgtggacgacc,PBANKA_082910,0,0,0,0,0,0,0,0,0,0,0,0,0,0,0,0,0,0,0,0,0,0,0,0,0,0,0,0,0,0,0,0,0,0,0,0,0,0,0,0,0,0,0,0,0,0,0,0,2,2,0,0,0,0,0,0
cgtgtcggaca,PBANKA_020840,0,0,0,0,0,0,0,0,0,0,0,0,0,0,0,0,0,0,0,0,0,0,0,0,0,0,0,0,0,0,0,0,0,0,0,0,0,0,0,0,0,0,1,1,0,0,0,0,0,0,0,0,0,0,0,0
cgtgtgatgcc,PBANKA_051060,1022,1140,1360,1498,2476,2739,2768,3030,900,988,1466,1626,9,11,0,0,2834,3117,949,1037,1400,1577,1087,1192,2407,2686,2598,2824,2438,2704,3217,3624,1936,2153,1124,1229,1550,1741,1719,1876,2679,2982,2342,2618,828,918,980,1091,1778,1960,2414,2669,1044,1136,1438,1615
cgtgttcaccg,PBANKA_140900,616,617,1288,1285,774,773,685,679,676,674,322,318,5,5,1,1,1376,1368,622,622,867,869,633,639,652,653,562,564,570,569,1718,1718,1371,1375,564,560,863,859,462,457,600,601,646,647,520,518,912,914,558,558,660,665,714,705,326,324
cgtgttctagt,PBANKA_113320,0,0,0,0,0,0,0,0,0,0,0,0,0,0,0,0,0,0,0,0,0,0,0,0,0,0,0,0,1,1,0,0,0,0,0,0,0,0,0,0,0,0,0,0,0,0,0,0,0,0,0,0,0,0,0,0
cgttatgtggg,p230p-tag,7,7,29,28,32,32,7,7,11,11,13,13,1,1,1,1,1,1,3,3,5,5,2,2,8,7,80,78,30,31,1,1,9,9,8,9,5,5,10,10,100,100,33,30,11,11,22,22,36,36,7,7,8,8,23,23
cgtttgctggg,PBANKA_131150,0,0,0,0,0,0,0,0,0,0,0,0,0,0,0,0,0,0,0,0,0,0,0,0,0,0,4,4,0,0,0,0,0,0,0,0,0,0,0,0,4,4,0,0,0,0,0,0,0,0,0,0,0,0,0,0
cgttttgggcg,PBANKA_020270,123,124,160,154,158,154,194,192,109,109,162,162,161,159,170,165,1,1,108,108,146,146,130,129,193,196,332,331,238,234,2,2,210,208,103,103,173,171,125,122,345,343,254,256,92,92,155,155,111,111,190,191,120,118,159,157
ctaattttatt,PBANKA_070990,0,0,0,0,1,1,0,0,2,2,0,0,0,0,0,0,12,11,1,1,0,0,0,0,0,0,0,0,0,0,11,11,0,0,0,0,0,0,0,0,0,0,0,0,0,0,0,0,0,0,0,0,0,0,0,0
ctaccgacaga,PBANKA_031250,0,0,0,0,1,1,0,0,0,0,0,0,0,0,0,0,0,0,0,0,0,0,0,0,0,0,0,0,0,0,0,0,0,0,0,0,0,0,0,0,0,0,0,0,0,0,0,0,0,0,0,0,0,0,0,0
ctacctacaaa,PBANKA_133180,127,128,153,152,59,57,59,58,80,78,3,3,738,735,639,644,0,0,42,42,62,64,66,66,31,30,9,9,25,25,0,0,102,102,53,51,86,85,22,22,5,5,27,29,116,118,102,100,35,34,94,93,79,79,12,13
ctacgatgaac,PBANKA_030770,1,1,12,11,10,9,4,4,2,2,13,13,0,0,1,1,0,0,0,0,1,1,5,5,4,4,50,50,19,20,0,0,4,4,4,4,1,1,7,7,51,49,24,23,2,2,7,7,15,15,3,3,1,1,7,7
ctacgtcatcg,PBANKA_135380,0,0,0,0,0,0,0,0,0,0,0,0,0,0,0,0,0,0,0,0,0,0,0,0,0,0,0,0,0,0,0,0,0,0,0,0,0,0,1,1,2,2,0,0,0,0,0,0,0,0,0,0,0,0,0,0
ctagtagtaga,PBANKA_112670,4,4,23,22,29,29,11,12,14,14,33,32,1,1,0,0,3,3,1,1,9,9,2,2,7,7,89,88,34,31,3,3,7,7,9,9,1,1,8,7,122,121,28,27,5,5,21,21,20,19,13,13,10,10,29,29
ctagtcggggt,PBANKA_030470,7,7,32,32,27,26,6,6,11,11,16,16,3,4,3,3,0,0,5,5,2,2,3,3,12,12,93,91,37,37,3,3,4,5,3,3,9,9,10,10,97,99,29,29,5,5,12,12,21,22,3,3,10,10,15,15
ctcacacgacc,PBANKA_052480,330,332,498,501,576,583,577,586,319,317,223,221,541,538,398,398,1,1,305,305,450,449,414,416,460,456,546,546,390,393,6,6,597,604,370,373,512,519,315,313,587,588,418,421,301,304,394,392,405,407,544,547,354,363,255,257
ctcatatagcg,PBANKA_112390,0,0,0,0,0,0,0,0,0,0,0,0,0,0,0,0,0,0,0,0,0,0,0,0,0,0,0,0,0,0,0,0,0,0,0,0,0,0,0,0,1,1,0,0,0,0,0,0,0,0,0,0,0,0,0,0
ctcattcccgt,PBANKA_130470,21,20,8,8,8,8,7,7,5,4,4,4,178,179,149,146,0,0,0,0,1,1,2,2,1,1,5,5,6,6,0,0,0,0,2,2,4,4,6,6,10,10,3,3,10,10,5,5,9,8,8,8,7,7,6,6
ctcccagtttt,PBANKA_112710,0,0,14,14,5,5,17,17,1,1,2,2,1,1,0,0,126,128,0,0,1,1,0,0,9,9,298,296,2,2,180,180,1,1,0,0,0,0,24,24,31,30,6,6,0,0,9,9,9,8,13,12,1,1,0,0
ctccgcttccc,PBANKA_010470,0,0,0,0,0,0,0,0,0,0,0,0,0,0,0,0,0,0,0,0,0,0,0,0,0,0,0,0,0,0,0,0,0,0,0,0,0,0,0,0,1,1,0,0,0,0,0,0,0,0,0,0,0,0,0,0
ctcgacatcta,PBANKA_083170,0,0,0,0,0,0,0,0,0,0,0,0,0,0,0,0,0,0,0,0,0,0,0,0,0,0,0,0,0,0,0,0,0,0,0,0,0,0,1,1,0,0,0,0,0,0,0,0,0,0,0,0,0,0,0,0
ctcgggagggg,PBANKA_050120,0,0,0,0,0,0,0,0,1,1,0,0,0,0,0,0,0,0,0,0,0,0,0,0,0,0,1,0,0,0,0,0,0,0,0,0,0,0,0,0,2,2,0,0,0,0,0,0,0,0,0,0,0,0,0,0
ctctacttctg,PBANKA_142590,53,53,43,44,7,7,3,3,36,37,2,2,71,73,75,75,0,0,34,34,50,49,33,33,1,1,1,1,2,2,0,0,47,45,45,45,45,47,0,0,0,0,10,10,37,37,35,35,3,3,3,3,36,36,0,0
ctcttaatagg,PBANKA_071220,2,2,7,7,11,11,5,5,0,0,7,7,1,1,0,0,0,0,0,0,4,4,1,1,5,6,44,41,5,5,0,0,0,0,1,1,0,0,8,8,51,51,16,17,4,4,12,13,12,12,1,1,3,3,8,8
ctcttatgctc,PBANKA_142530,0,0,0,0,1,0,0,0,0,0,0,0,0,0,0,0,0,0,0,0,0,0,0,0,0,0,0,0,0,0,0,0,0,0,0,0,0,0,0,0,0,0,0,0,0,0,0,0,0,0,0,0,0,0,0,0
ctgaaagcggg,PBANKA_080640,0,0,0,0,0,0,0,0,0,0,0,0,0,0,0,0,0,0,0,0,0,0,0,0,1,1,0,0,0,0,0,0,0,0,0,0,0,0,0,0,0,0,0,0,0,0,0,0,0,0,0,0,0,0,0,0
ctgaatactcg,PBANKA_062320,0,0,3,3,3,3,0,0,0,0,0,0,0,0,3,3,0,0,0,0,0,0,1,1,0,0,18,19,3,3,0,0,3,3,6,6,0,0,0,0,7,8,9,9,1,1,3,3,8,8,0,0,0,0,1,1
ctgactgtata,PBANKA_103980,0,0,0,0,0,0,0,0,0,0,0,0,0,0,0,0,0,0,0,0,0,0,0,0,0,0,0,0,0,0,0,0,0,0,0,0,0,0,0,0,0,0,1,1,0,0,0,0,0,0,0,0,0,0,0,0
ctgccctttga,PBANKA_136150,2,2,5,6,5,5,1,1,0,0,5,5,0,0,0,0,0,0,0,0,1,1,2,2,5,5,28,28,4,4,0,0,0,0,3,3,3,2,3,3,19,18,11,11,2,2,8,8,3,3,2,2,8,8,9,9
ctgctgattgc,PBANKA_100760,3,3,33,33,47,46,7,7,10,10,18,17,0,0,2,2,0,0,4,4,9,9,6,6,19,19,135,135,39,40,3,3,6,6,13,14,4,4,19,19,153,151,37,38,15,15,36,35,32,32,16,16,9,9,26,28
ctgggaaaaga,PBANKA_142220,521,515,981,971,454,454,370,368,513,504,40,40,965,960,717,710,1,1,270,265,397,398,306,306,314,315,78,79,96,93,3,3,566,560,350,351,454,452,233,232,88,88,122,124,448,444,803,803,283,280,402,398,541,532,51,51
ctgggacaaca,PBANKA_083010,0,0,0,0,0,0,0,1,0,0,0,0,0,0,0,0,0,0,0,0,0,0,0,0,0,0,0,0,0,0,0,0,0,0,0,0,0,0,0,0,0,0,0,0,0,0,0,0,0,0,0,0,0,0,0,0
ctggttattaa,PBANKA_091870,2388,2380,4140,4126,1335,1323,1504,1498,3870,3855,632,636,1364,1354,1084,1075,2,2,2699,2680,4296,4294,3319,3302,869,869,958,957,982,977,23,23,5141,5135,3559,3557,3916,3926,865,857,993,985,1091,1096,2040,2039,3181,3163,886,878,1382,1378,4088,4081,673,667
ctgtgactgct,PBANKA_130190,4,4,12,12,14,14,2,1,7,7,4,4,1,1,0,0,1,1,2,2,2,2,1,1,1,1,46,46,12,12,0,0,5,5,2,2,2,2,0,0,44,45,13,13,4,4,12,11,6,6,0,0,2,2,6,6
cttatttgccc,PBANKA_113190,518,511,968,965,848,847,1130,1120,613,617,247,246,1446,1438,1139,1141,0,0,442,443,748,750,600,608,595,589,373,370,317,319,1,1,861,865,550,541,766,766,499,498,381,377,327,329,515,515,747,745,523,517,994,993,672,676,218,218
cttggtatcct,PBANKA_136480,0,0,0,0,0,0,0,0,0,0,0,0,0,0,0,0,0,0,0,0,0,0,0,0,31,31,0,0,0,0,0,0,0,0,0,0,0,0,4,4,0,0,0,0,0,0,0,0,0,0,0,0,0,0,0,0
cttgtcaacgg,PBANKA_060790,0,0,0,0,0,0,0,0,0,0,0,0,0,0,0,0,0,0,0,0,0,0,0,0,0,0,0,0,0,0,0,0,0,0,0,0,0,0,0,0,0,0,0,0,0,0,1,1,0,0,0,0,0,0,0,0
ctttactgggt,PBANKA_135260,0,0,0,0,1,1,0,0,0,0,1,1,0,0,0,0,0,0,0,0,0,0,0,0,0,0,0,0,0,0,0,0,0,0,0,0,0,0,0,0,1,1,0,0,0,0,1,1,0,0,0,0,0,0,0,0
gaaaggtagtg,PBANKA_081310,0,0,0,0,0,0,0,0,0,0,0,0,0,0,0,0,0,0,0,0,0,0,0,0,0,0,0,0,0,0,0,0,0,0,0,0,0,0,0,0,0,0,0,0,0,0,0,0,0,0,0,0,0,0,0,1
gaaaggttcca,PBANKA_133650,0,0,0,0,1,1,0,0,0,0,0,0,0,0,0,0,0,0,0,0,0,0,0,0,0,0,0,0,0,0,0,0,0,0,0,0,0,0,0,0,0,0,0,0,0,0,0,0,0,0,0,0,0,0,0,0
gaaatttggca,PBANKA_010160,181,181,262,259,98,99,83,83,115,114,42,42,184,182,174,174,0,0,84,85,113,114,140,141,80,81,58,57,90,88,0,0,234,235,90,92,169,171,48,46,75,74,72,73,128,125,195,191,72,75,66,67,128,126,35,35
gaacaaaacta,PBANKA_123410,0,0,0,0,0,0,0,0,0,0,0,0,0,0,0,0,0,0,0,0,0,0,0,0,0,0,0,0,0,0,0,0,0,0,0,0,0,0,0,0,0,0,0,1,0,0,0,0,0,0,0,0,0,0,0,0
gaacaaggatc,PBANKA_100790,0,0,0,0,0,0,1,1,0,0,0,0,0,0,0,0,0,0,0,0,0,0,0,0,0,0,0,0,0,0,0,0,0,0,0,0,0,0,0,0,0,0,0,0,0,0,0,0,0,0,0,0,0,0,0,0
gaacattcggg,PBANKA_140040,14,14,70,69,63,62,10,10,11,11,36,34,5,5,1,1,2,2,8,8,25,25,1,1,21,21,196,194,69,70,1,1,6,6,3,3,7,7,19,19,221,220,73,74,9,10,55,55,32,32,14,14,23,23,39,40
gaaggaacgtc,PBANKA_090240,128,126,208,208,385,385,366,364,179,180,20,19,298,297,270,266,2,2,133,133,197,195,130,129,277,277,114,112,43,42,0,0,129,132,138,135,156,156,223,224,147,145,55,53,92,90,172,173,229,229,342,338,197,196,21,21
gaaggtggtac,PBANKA_080630,4,4,15,15,15,16,2,2,3,3,8,8,0,0,0,0,0,0,0,0,0,0,1,1,4,4,31,32,21,22,0,0,2,2,4,4,1,2,6,5,38,40,15,15,3,2,12,12,4,4,7,7,6,6,12,12
gaagtgttgga,PBANKA_092170,0,0,0,0,0,0,0,0,0,0,0,0,0,0,0,0,0,0,0,0,0,0,0,0,0,0,0,0,0,0,0,0,3,3,0,0,0,0,0,0,0,0,0,0,0,0,0,0,0,0,0,0,0,0,0,0
gaatggaacag,PBANKA_113740,2,3,21,20,26,24,12,12,4,4,13,13,0,0,0,0,0,0,4,4,2,2,1,1,5,4,46,46,23,23,0,0,7,6,5,6,5,5,7,7,63,62,27,27,3,3,19,19,22,23,4,4,2,2,18,18
gaattaacaaa,PBANKA_110100,22,22,110,112,147,147,34,33,28,28,67,68,2,2,3,3,0,0,19,19,24,23,20,20,33,34,386,388,135,136,4,4,16,17,19,19,17,17,36,36,458,456,171,171,31,32,89,89,83,84,34,33,32,32,74,72
gaattaccttt,PBANKA_021550,0,0,0,0,1,1,0,0,0,0,0,0,0,0,0,0,0,0,0,0,0,0,0,0,0,0,0,0,1,1,0,0,0,0,0,0,0,0,0,0,3,3,0,0,0,0,0,0,0,0,0,0,0,0,0,0
gacatgggatt,PBANKA_070940,0,0,1,1,0,0,0,0,0,0,0,0,0,0,0,0,4,4,0,0,0,0,0,0,1,1,3,3,0,0,3,3,0,0,0,0,0,0,0,0,0,0,0,0,0,0,0,1,0,0,0,0,0,0,0,0
gacattcgagg,PBANKA_122540,630,636,823,824,1216,1208,1845,1835,523,521,632,633,1857,1859,1347,1341,1,0,633,632,823,825,686,691,1018,1021,825,828,761,745,6,6,1010,1012,516,517,920,913,746,738,1009,1010,706,704,479,481,554,555,756,753,1371,1367,582,575,650,649
gacgacacgat,PBANKA_031220,15,15,6,6,1,1,4,4,5,5,4,4,0,0,0,0,84,85,5,5,7,8,10,10,0,0,1,1,3,3,110,111,13,14,7,7,16,15,2,2,3,3,3,3,15,14,12,12,2,2,5,5,10,10,1,1
gacgtatggcg,PBANKA_021460,3,3,12,12,16,16,1,1,7,7,14,14,0,0,0,0,0,0,1,1,2,3,4,4,2,2,49,49,9,9,0,0,3,3,2,2,2,2,5,5,59,59,22,21,5,5,16,17,13,12,6,6,6,6,12,12
gagagagggtg,PBANKA_141450,0,0,0,0,0,0,0,0,0,0,0,0,0,0,0,0,0,0,0,0,0,0,0,0,0,0,2,2,0,0,0,0,0,0,0,0,0,0,0,0,0,0,0,0,0,0,0,0,0,0,0,0,0,0,0,0
gagagggctta,PBANKA_101480,0,0,0,0,0,0,0,0,0,0,0,0,0,0,0,0,0,0,0,0,0,0,0,0,0,0,0,0,0,0,0,0,0,0,0,0,0,0,0,0,3,3,1,1,0,0,0,0,0,0,0,0,0,0,0,0
gagatgctctt,PBANKA_122580,0,0,0,0,5,4,0,0,0,0,0,0,0,0,0,0,0,0,0,0,0,0,1,1,0,0,6,6,0,0,0,0,0,0,0,0,0,0,0,0,6,6,3,3,0,0,0,0,1,1,0,0,0,0,0,0
gagatggcatc,PBANKA_130280,562,560,826,830,743,741,746,749,549,551,510,505,4,3,0,0,990,986,572,569,673,671,625,628,613,610,850,851,787,783,1141,1143,1089,1091,575,568,797,796,470,467,929,917,749,743,405,402,668,662,535,539,712,707,532,530,507,503
gagcaaacgca,PBANKA_112040,2,3,21,21,20,20,7,7,4,4,14,14,1,1,0,0,0,0,4,4,2,2,0,0,6,6,53,53,17,17,0,0,0,0,3,4,7,7,5,5,58,57,19,17,7,7,7,7,7,7,1,1,7,6,10,10
gagcctggtgg,PBANKA_041780,0,0,0,0,0,0,0,0,0,0,0,0,0,0,0,0,0,0,0,0,0,0,0,0,0,0,0,0,0,0,0,0,2,2,1,0,0,0,0,0,0,0,0,0,0,0,0,0,0,0,0,0,0,0,0,0
gagtagatctg,PBANKA_093370,0,0,0,0,0,0,0,0,0,0,0,0,0,0,0,0,0,0,0,0,0,0,0,0,1,1,0,0,0,0,0,0,0,0,0,0,0,0,0,0,0,0,0,0,0,0,2,2,0,0,5,5,0,0,0,0
gatagtttaat,PBANKA_082430,639,632,482,475,112,110,96,96,371,364,53,53,1476,1464,1234,1237,0,0,135,134,227,228,311,307,58,60,59,59,56,56,6,6,333,328,236,233,446,444,36,36,61,61,77,78,504,506,427,422,86,85,102,100,373,371,34,35
gatattcctct,PBANKA_145770,0,0,0,0,1,1,0,0,0,0,0,0,0,0,0,0,0,0,0,0,0,0,0,0,4,4,0,0,0,0,0,0,0,0,0,0,0,0,0,0,0,0,0,0,0,0,1,1,0,0,0,0,0,0,0,0
gatcataggtc,PBANKA_040110,0,0,0,0,0,0,0,0,0,0,0,0,0,0,4,4,0,0,0,0,0,0,0,0,0,0,0,0,0,0,0,0,0,0,0,0,0,0,0,0,0,0,0,0,0,0,0,0,0,0,0,0,0,0,0,0
gatcctgtgcg,PBANKA_093390,0,0,0,0,0,0,0,0,0,0,0,0,0,0,0,0,0,0,0,0,0,0,0,0,0,0,0,0,0,0,0,0,0,0,0,0,0,0,1,1,0,0,0,0,0,0,0,0,0,0,0,0,0,0,0,0
gatcgacttct,PBANKA_131810,0,0,0,0,1,1,0,0,0,0,0,0,0,0,0,0,0,0,0,0,0,0,0,0,0,0,0,0,0,0,0,0,0,0,0,0,0,0,0,0,0,0,0,0,0,0,0,0,0,0,0,0,0,0,0,0
gcaaatttttt,PBANKA_090180,14,14,43,43,55,55,17,16,14,15,35,34,0,0,1,1,0,0,2,2,27,26,14,14,15,15,137,136,47,46,1,1,17,16,5,5,2,2,21,21,195,197,86,85,10,10,41,41,49,50,6,6,18,17,30,31
gcaggttccgg,PBANKA_130690,0,0,0,0,0,0,2,2,0,0,0,0,0,0,0,0,0,0,0,0,0,0,0,0,0,0,0,0,0,0,0,0,0,0,0,0,0,0,0,0,1,0,0,0,0,0,0,0,1,1,0,0,0,0,0,0
gcagtataata,PBANKA_111770,40,42,78,78,177,174,213,210,34,34,99,99,2,2,0,0,245,245,46,46,40,40,48,48,121,120,127,126,119,119,255,253,106,105,44,43,74,74,96,97,140,134,117,120,42,45,76,76,102,103,185,182,48,46,97,97
gcatcaaagcg,PBANKA_094340,5,5,9,9,5,4,1,1,1,1,5,5,0,0,0,0,0,0,2,2,0,0,0,0,7,6,20,21,4,4,0,0,1,1,2,2,2,2,1,1,18,18,11,10,0,0,10,10,2,2,1,1,1,1,5,5
gcatcatcccc,PBANKA_082800,61,61,103,103,56,57,37,38,41,42,15,16,117,117,112,112,0,0,68,67,74,73,94,93,22,22,10,10,8,8,4,4,168,169,41,41,159,162,19,19,11,11,5,5,63,63,88,87,66,65,37,37,57,60,13,13
gcccaaccggg,PBANKA_030100,0,0,0,0,0,0,0,0,0,0,0,0,0,0,0,0,0,0,0,0,0,0,0,0,0,0,0,0,0,0,0,0,0,0,0,0,0,0,0,0,0,0,0,0,0,0,0,0,0,0,0,0,0,0,1,1
gcccggcgggt,PBANKA_130520,978,912,1315,1232,1100,1037,1060,998,854,800,534,505,692,657,542,504,1,1,815,767,1201,1126,904,844,782,735,888,835,946,894,10,10,1681,1584,957,899,1177,1126,798,749,935,853,917,850,844,806,1004,955,734,698,987,933,970,908,569,540
gccggacaacg,PBANKA_123590,21,22,23,23,7,7,6,6,27,26,7,7,0,0,0,0,83,84,4,3,14,13,18,18,2,2,7,7,2,2,89,89,21,22,11,11,14,14,0,0,8,8,7,7,21,21,19,18,3,3,4,4,17,17,2,1
gcctcaggcgt,PBANKA_011010,0,0,0,0,0,0,0,0,0,0,0,0,0,0,0,0,0,0,0,0,1,1,0,0,0,0,0,0,0,0,0,0,0,0,0,0,0,0,0,0,0,0,0,0,0,0,0,0,0,0,0,0,0,0,0,0
gccttcgcaag,PBANKA_083280,306,304,810,805,213,215,210,211,302,299,98,100,6,6,0,0,762,765,287,290,340,340,312,313,165,164,149,147,140,141,831,838,554,552,246,252,404,406,95,95,177,177,178,175,232,234,543,538,139,135,223,222,360,358,94,93
gcgaaggataa,PBANKA_122300,135,135,185,181,182,180,270,273,133,131,86,85,0,0,0,0,214,219,83,85,170,165,113,111,209,208,137,139,173,166,299,301,213,212,136,134,164,166,135,134,183,179,137,137,146,143,139,138,172,169,260,256,165,166,86,84
gcgactcacat,PBANKA_122200,0,0,0,0,0,0,0,0,1,0,0,0,0,0,0,0,0,0,0,0,0,0,0,0,0,0,0,0,0,0,0,0,0,0,0,0,0,0,0,0,0,0,0,0,0,0,0,0,0,0,0,0,0,0,0,0
gcgactgcgat,PBANKA_101935,586,587,676,670,1420,1411,3607,3607,434,431,2115,2102,8,7,0,0,6462,6424,400,398,460,459,693,688,1566,1556,2077,2069,1431,1422,7193,7144,742,740,379,375,907,901,1464,1455,2675,2655,1529,1522,496,493,544,537,988,989,3057,3047,425,419,2076,2068
gcgcggcatga,PBANKA_112120,20,20,41,42,17,18,51,51,25,25,22,22,0,0,0,0,30,30,26,26,34,36,23,24,17,16,21,21,32,33,40,40,48,46,34,35,20,20,19,19,30,30,29,30,26,25,34,34,16,17,52,51,18,17,21,19
gcggcctgtat,PBANKA_103210,82,81,109,106,73,70,127,126,40,39,67,68,0,0,0,0,258,260,33,33,70,69,66,63,69,69,104,105,66,65,310,304,109,108,80,79,89,90,89,88,134,128,70,70,50,50,87,88,59,59,110,110,50,49,70,69
gcgggaccgtg,PBANKA_081280,93,93,83,82,54,54,86,85,71,70,24,23,1,1,0,0,417,417,17,17,35,35,51,50,54,54,49,50,59,59,532,526,85,87,45,45,49,49,40,40,74,72,53,52,85,81,71,70,28,29,74,73,95,93,52,52
gcgtcagagtc,PBANKA_143120,797,789,1459,1451,302,298,298,296,1188,1177,330,326,5,6,0,0,888,892,648,649,1265,1260,687,688,215,218,512,512,513,509,991,990,1501,1503,1078,1068,919,919,128,130,677,671,549,547,605,600,1083,1083,224,227,273,273,1327,1318,326,328
gctcacccgtc,PBANKA_082220,0,0,0,0,0,0,0,0,0,0,0,0,0,0,0,0,0,0,0,0,0,0,0,0,0,0,1,1,0,0,0,0,0,0,0,0,0,0,0,0,0,0,0,0,0,0,0,0,0,0,0,0,0,0,0,0
gctgggcagtt,PBANKA_146460,1749,1736,2265,2241,665,657,723,709,1316,1307,358,355,5,5,0,0,3186,3177,984,983,1411,1399,1312,1306,405,405,610,605,635,644,3642,3603,2030,2009,1142,1122,1745,1732,323,321,641,636,682,675,1454,1443,1733,1719,438,439,652,651,1375,1361,408,402
gctggtacgaa,PBANKA_091230,440,439,761,752,559,554,815,806,459,449,670,664,529,530,435,432,1,1,361,364,558,552,533,528,476,465,1032,1019,885,869,4,4,755,752,461,454,709,708,376,368,1142,1128,968,959,364,357,503,500,437,438,689,681,482,468,695,691
gcttacgtcaa,PBANKA_090710,0,0,0,0,0,0,0,0,0,0,0,0,0,0,0,0,0,0,0,0,0,0,0,0,0,0,0,0,0,0,0,0,0,0,0,0,0,0,6,6,0,0,0,0,0,0,0,0,0,0,0,0,0,0,0,0
gcttcccatgc,PBANKA_142890,10,10,10,10,5,5,9,9,2,3,4,4,0,0,0,0,190,190,2,2,2,2,18,19,7,7,0,0,4,4,230,235,4,4,1,1,9,9,5,5,0,0,5,5,8,8,9,9,8,8,21,21,1,1,5,5
ggacgccctgg,PBANKA_134980,2,2,13,14,4,4,1,1,3,3,5,7,0,0,0,0,0,0,1,1,1,1,0,0,4,5,20,20,10,10,4,3,1,1,1,1,2,2,1,1,34,34,15,16,0,0,3,3,8,8,1,1,2,3,7,7
ggagggaaacg,PBANKA_133890,0,0,0,0,0,0,0,0,0,0,0,0,0,0,0,0,0,0,0,0,0,0,0,0,0,0,0,0,0,0,0,0,0,0,0,0,0,0,0,0,0,0,0,0,0,0,0,0,1,1,0,0,0,0,0,0
ggagggtatgc,PBANKA_135860,0,0,0,0,1,1,0,0,0,0,1,1,0,0,0,0,0,0,0,0,0,0,0,0,0,0,0,0,0,0,0,0,0,0,0,0,0,0,0,0,0,0,0,0,0,0,0,0,0,0,0,0,0,0,0,0
ggatatcctcg,PBANKA_140670,0,0,0,0,0,0,0,0,0,0,0,0,0,0,0,0,0,0,0,0,0,0,0,0,0,0,0,0,0,0,0,0,0,0,0,0,0,0,1,1,0,0,0,0,0,0,0,0,0,0,0,0,0,0,0,0
ggatgtcagaa,PBANKA_081120,1202,1194,1762,1752,1827,1823,2347,2358,1265,1258,1035,1030,1372,1376,1210,1214,0,0,1142,1151,1735,1729,1498,1496,1790,1793,1585,1586,1502,1502,19,19,2315,2315,1414,1418,1947,1947,1261,1253,1810,1793,1519,1511,941,940,1268,1262,1424,1428,1998,1999,1361,1355,1034,1032
ggcagtatggg,PBANKA_121690,0,0,0,0,0,0,0,0,0,0,0,0,0,0,0,0,0,0,0,0,0,0,0,0,0,0,0,0,0,0,0,0,0,0,0,0,0,0,0,0,0,0,0,0,0,0,0,0,0,0,0,0,1,1,0,0
ggccaggaaag,PBANKA_111340,14,14,66,68,51,50,20,21,21,21,26,26,0,0,2,2,0,0,4,4,16,16,7,7,18,19,201,198,56,56,1,1,1,1,5,5,2,2,16,16,223,221,67,66,15,15,52,52,40,41,9,9,16,14,42,41
ggccctccggt,PBANKA_122100,37,38,86,85,117,116,230,226,39,39,87,90,555,556,520,520,0,0,24,25,47,47,78,79,84,82,64,63,94,92,1,1,63,65,33,34,79,79,79,79,88,85,71,70,44,43,75,72,67,69,160,157,39,38,106,105
ggcgatgtttc,PBANKA_092550,0,0,0,0,0,0,0,0,0,0,0,0,0,0,0,0,0,0,0,0,0,0,0,0,0,0,0,0,0,0,0,0,0,0,0,0,0,0,0,0,0,0,0,0,0,0,1,1,0,0,0,0,0,0,0,0
ggcgcatgcat,PBANKA_102020,0,0,0,0,0,0,0,0,0,0,0,0,0,0,0,0,0,0,0,0,0,0,0,0,0,0,0,0,0,0,0,0,0,0,0,0,0,0,0,0,0,0,0,0,0,0,0,0,0,0,0,0,0,0,3,3
ggcgctcaggg,PBANKA_122550,18,18,79,80,84,84,14,14,17,17,54,53,7,6,2,2,2,2,7,7,15,15,11,10,15,15,196,194,66,65,1,1,21,21,16,15,8,8,25,24,301,297,80,78,10,10,58,56,57,57,19,19,16,16,44,43
ggctaggccgc,PBANKA_041050,122,129,141,141,560,558,1028,1024,140,138,18,18,1730,1732,1381,1375,0,0,140,138,199,196,280,281,487,481,26,26,34,34,4,4,268,265,152,151,320,321,395,394,15,15,40,40,94,95,129,128,441,436,836,832,141,144,23,24
gggacgaaaca,PBANKA_136180,0,0,0,0,0,0,0,0,0,0,0,0,0,0,0,0,0,0,0,0,0,0,0,0,0,0,0,0,4,4,0,0,0,0,0,0,0,0,0,0,0,0,0,0,0,0,0,0,0,0,0,0,0,0,0,0
ggggccgggca,PBANKA_050060,0,0,0,0,0,0,0,0,0,0,0,0,0,0,0,0,0,0,0,0,0,0,1,1,0,0,1,1,0,0,0,0,0,0,0,0,0,0,0,0,1,1,0,0,1,1,0,0,0,0,0,0,0,0,0,0
ggggtcctctg,PBANKA_124380,0,0,0,0,0,0,0,0,0,0,0,0,0,0,0,0,0,0,0,0,0,0,0,0,0,0,0,0,0,0,0,0,0,0,0,0,0,0,0,0,1,1,0,0,0,0,0,0,0,0,0,0,0,0,0,0
gggttagaaat,PBANKA_070440,0,0,0,0,0,0,0,0,0,0,0,0,0,0,0,0,0,0,0,0,0,0,0,0,0,0,0,0,0,0,0,0,0,0,0,0,0,0,0,0,6,7,0,0,0,0,0,0,0,0,0,0,0,0,0,0
gggtttaggga,PBANKA_030540,0,0,0,0,0,0,2,2,0,0,0,0,0,0,0,0,0,0,0,0,0,0,0,0,0,0,0,0,0,0,0,0,0,0,0,0,0,0,0,0,0,0,0,0,0,0,0,0,0,0,0,0,0,0,0,0
ggtaggacgtg,PBANKA_146300,75,74,181,178,165,164,110,112,89,89,50,50,0,0,0,0,266,268,44,42,106,104,71,70,118,119,145,148,118,116,343,342,84,83,57,56,80,80,83,83,162,162,126,125,92,90,84,82,114,112,122,121,100,100,42,42
ggtccggttcg,PBANKA_082750,111,110,153,153,13,12,27,26,134,134,6,6,386,381,345,344,1,1,37,37,135,134,87,85,4,3,6,6,12,12,0,0,129,128,88,87,125,125,5,5,10,9,12,12,107,106,126,122,12,12,25,25,122,118,8,7
ggttaagcttt,PBANKA_123400,0,2,0,3,0,2,1,1,1,0,0,1,0,0,0,0,1,6,1,3,0,2,0,2,0,2,1,2,0,0,3,3,1,2,0,4,1,2,0,3,0,4,2,4,0,1,0,3,0,1,2,7,0,3,0,0
ggttaggcgag,PBANKA_143910,0,0,0,0,0,0,0,0,0,0,0,0,0,0,0,0,0,0,0,0,0,0,0,0,0,0,0,0,0,0,0,0,0,0,0,0,0,0,0,0,1,1,0,0,0,0,0,0,0,0,0,0,0,0,0,0
ggttccgccta,PBANKA_140400,0,0,0,0,0,0,0,0,0,0,0,0,0,0,0,0,0,0,0,0,0,0,0,0,0,0,0,0,0,0,0,0,0,0,0,0,0,0,0,0,2,2,0,0,0,0,0,0,0,0,0,0,0,0,0,0
ggttgccccct,PBANKA_040670,718,708,1039,1027,1625,1608,3143,3128,541,543,1404,1395,2656,2635,2282,2271,1,1,407,406,540,539,738,733,1454,1451,1349,1341,1093,1094,12,12,920,908,495,491,1081,1077,1209,1209,1573,1557,1246,1239,645,634,743,731,1239,1236,2905,2895,575,573,1371,1371
ggtttacagtt,PBANKA_114590,622,618,851,852,927,912,1276,1265,458,460,474,464,9,9,0,0,1147,1145,638,634,774,767,805,795,921,919,880,869,737,736,1420,1414,1261,1266,617,612,1143,1144,635,631,919,908,712,710,500,497,647,635,687,675,1208,1194,541,540,504,503
ggtttacatct,PBANKA_091330,0,0,0,0,0,0,0,0,0,0,0,1,0,0,0,0,0,0,0,0,0,0,0,0,0,0,0,0,0,0,0,0,0,0,0,0,0,0,0,0,0,0,0,0,0,0,0,0,0,0,0,0,0,0,0,0
gtaataaagaa,PBANKA_124180,1,1,0,0,1,1,0,0,0,0,1,1,0,0,2,2,0,0,1,1,0,0,0,0,0,0,5,5,4,4,0,0,0,0,0,0,0,0,2,2,5,5,1,1,0,0,2,2,4,4,0,0,1,1,0,0
gtaatggcaag,PBANKA_134720,139,138,114,113,17,17,38,37,38,37,3,4,0,0,0,0,167,167,35,34,25,25,39,39,10,11,11,12,3,3,171,175,68,69,9,9,57,58,10,10,5,5,2,2,118,120,83,82,13,12,32,32,42,41,5,5
gtacttatggg,PBANKA_051370,0,0,0,0,0,0,0,0,0,0,0,1,0,0,0,0,0,0,0,0,0,0,0,0,0,0,0,0,0,0,0,0,0,0,0,0,0,0,0,0,0,0,0,0,0,0,0,0,0,0,0,0,0,0,0,0
gtatcaccagg,PBANKA_051980,275,270,434,437,276,273,214,216,244,245,16,16,1002,1000,824,820,1,1,181,177,294,296,189,188,146,146,7,7,13,13,1,1,337,336,183,184,286,284,79,79,10,10,19,19,221,221,303,304,155,147,232,233,282,282,13,13
gtcaaaggtcg,PBANKA_051900,13,10,40,40,40,40,14,14,12,11,33,32,1,1,2,2,0,0,3,3,6,6,1,1,11,11,114,113,40,40,0,0,13,13,4,4,3,3,16,16,147,143,56,55,18,18,27,27,48,48,7,7,16,15,30,29
gtcactgacgg,PBANKA_132380,0,0,0,0,0,0,0,0,0,0,0,0,0,0,0,0,0,0,0,0,0,0,0,0,0,0,2,2,0,0,0,0,0,0,0,0,0,0,1,1,0,0,0,0,0,0,0,0,0,0,1,1,0,0,0,0
gtccctggctc,PBANKA_112100,5,5,16,15,20,20,2,2,5,5,13,13,0,0,0,0,3,3,0,0,4,4,2,2,1,1,46,47,22,22,0,0,8,8,1,1,5,5,12,12,61,62,15,15,4,4,20,21,12,12,5,4,6,6,12,11
gtccgtctaac,PBANKA_090860,0,0,0,0,0,0,0,0,0,0,0,0,0,0,0,0,0,0,0,0,0,0,0,0,0,0,0,0,0,0,0,0,0,0,0,0,1,1,0,0,0,0,0,0,0,0,0,0,0,0,0,0,0,0,0,0
gtctccgtatt,PBANKA_132880,0,0,0,0,0,0,0,0,0,0,0,0,0,0,0,0,2,2,29,28,3,3,0,0,0,0,0,0,0,0,8,8,128,128,0,0,1,1,0,0,1,1,0,0,0,0,0,0,0,0,0,0,0,0,0,0
gtctttgaact,PBANKA_100730,15,14,51,51,43,41,6,7,11,11,25,25,0,0,5,5,2,2,4,3,6,6,5,5,10,9,128,128,34,33,0,0,10,10,12,11,1,1,13,12,147,141,58,57,11,11,40,40,31,31,11,11,10,11,21,21
gtgagagtatc,PBANKA_146130,0,0,0,0,2,2,4,4,0,0,0,0,0,0,0,0,3,3,0,0,0,0,0,0,6,5,0,0,0,0,6,6,0,0,0,0,0,0,0,0,0,0,0,0,0,0,0,0,0,0,0,0,0,0,0,0
gtgcaaaacga,PBANKA_041610,0,0,0,0,0,0,0,0,0,0,0,0,0,0,0,0,0,0,0,0,0,0,0,0,0,0,0,0,0,0,0,0,0,0,0,0,0,0,0,0,0,0,2,2,0,0,0,0,0,0,0,0,0,0,0,0
gtgcttatcca,PBANKA_100240,47,48,53,55,9,9,5,4,44,44,4,4,67,68,72,72,0,0,41,41,57,57,39,38,4,4,1,1,3,3,0,0,45,46,49,48,34,34,0,0,0,0,1,1,38,38,56,56,4,3,12,12,37,37,1,1
gtgtaggatcg,PBANKA_092840,0,0,0,0,0,0,0,0,0,0,0,0,0,0,0,0,0,0,0,0,0,0,0,0,0,0,0,0,0,0,0,0,0,0,0,0,0,0,0,0,0,0,0,0,0,0,0,0,0,0,1,0,0,0,1,0
gtgtagtgtgg,PBANKA_121470,331,324,445,441,335,329,887,877,122,118,45,45,2,2,2,2,2969,2923,292,291,272,264,449,443,354,347,34,34,30,30,3076,3027,502,491,134,134,449,444,284,280,39,37,36,33,279,276,284,279,250,239,700,694,136,135,42,43
gttataggcga,PBANKA_100950,0,0,0,0,0,0,0,0,0,0,0,0,0,0,0,0,0,0,0,0,0,0,0,0,0,0,0,0,0,0,1,1,0,0,0,0,0,0,0,0,0,0,0,0,0,0,0,0,0,0,0,0,0,0,0,0
gttccactgtt,PBANKA_113650,0,0,0,0,0,0,0,0,0,0,0,0,0,0,0,0,0,0,1,1,0,0,0,0,0,0,0,0,0,0,0,0,0,0,0,0,0,0,0,0,0,0,0,0,0,0,0,0,0,0,0,0,0,0,0,0
gttcttgactc,PBANKA_143890,1,1,8,7,11,11,1,1,3,3,10,11,0,0,0,0,0,0,0,0,1,1,1,1,0,0,39,39,20,20,0,0,2,2,0,0,0,0,1,1,45,46,17,17,3,3,10,9,7,7,1,1,4,4,14,13
gttgcgagcac,PBANKA_030260,0,0,0,0,0,0,1,1,0,0,0,0,0,0,0,0,0,0,0,0,0,0,0,0,0,0,0,0,0,0,0,0,0,0,0,0,0,0,0,0,0,0,0,0,0,0,0,0,0,0,0,0,0,0,0,0
gtttaagcttt,PBANKA_135970,1051,1043,1743,1738,3512,3508,3584,3575,1273,1282,1695,1682,18,18,0,0,4117,4109,1272,1269,1843,1829,1473,1455,2893,2881,3111,3099,2937,2918,4779,4764,2670,2653,1449,1452,1884,1873,2219,2214,3497,3484,2992,2970,872,862,1364,1351,2454,2450,3089,3069,1456,1453,1733,1727
gtttaggaacg,PBANKA_142180,0,0,0,0,0,0,0,0,0,0,0,0,0,0,0,0,0,0,0,0,1,0,0,0,0,0,0,0,0,1,0,0,0,0,0,0,0,0,0,0,0,0,0,0,0,0,0,0,0,0,1,1,0,0,0,0
gtttaggatcg,PBANKA_102620,18,17,20,21,100,100,123,121,20,20,75,76,103,103,83,85,0,0,12,12,29,30,19,19,93,94,84,85,68,68,0,0,29,29,16,16,30,29,62,61,100,95,96,93,27,27,20,19,75,75,105,106,28,27,60,59
gtttgcacatc,PBANKA_041540,0,0,0,0,0,0,0,0,0,0,0,0,0,0,0,0,0,0,0,0,0,0,0,0,0,0,0,0,0,0,0,0,2,2,0,0,0,0,0,0,1,1,0,0,0,0,0,0,0,0,0,0,0,0,0,0
taaaccctatg,PBANKA_133090,5,5,28,28,39,39,10,10,16,16,29,29,3,3,0,0,0,0,5,4,7,7,10,10,23,23,145,149,43,41,1,1,14,14,12,13,3,4,13,13,151,152,28,28,15,15,48,48,35,34,5,4,7,7,18,17
taacctcttct,PBANKA_020830,66,65,112,114,30,30,31,32,71,70,37,38,1,1,0,0,379,374,44,46,69,70,101,103,23,23,46,45,21,20,414,416,88,88,50,51,105,105,21,21,40,39,34,33,45,46,131,130,22,22,28,28,83,83,51,49
taacggggacg,PBANKA_082690,2,2,4,4,4,4,0,0,2,2,2,2,0,0,0,0,0,0,0,0,0,0,0,0,0,0,12,11,2,2,0,0,2,2,1,1,2,2,3,3,12,11,4,4,3,3,2,2,3,3,0,0,2,2,4,4
taagactgtat,PBANKA_100210,0,0,0,0,0,0,0,0,0,0,0,0,0,0,0,0,0,0,0,0,0,0,0,0,0,0,0,0,0,0,0,0,0,0,0,0,0,0,1,1,0,0,0,0,0,0,0,0,0,0,0,0,0,0,0,0
taagccctcct,PBANKA_136190,31,30,125,128,125,123,31,31,36,37,93,93,7,8,4,4,3,3,16,16,40,39,17,18,47,46,419,414,153,154,7,7,26,26,26,26,18,18,43,42,445,439,160,161,39,37,111,112,69,71,19,20,27,27,87,87
taagttatcgt,PBANKA_103230,0,0,0,0,0,0,2,2,0,0,0,0,0,0,0,0,0,0,0,0,0,0,0,0,0,0,0,0,0,0,0,0,0,0,0,0,0,0,0,0,0,0,0,0,0,0,0,0,0,0,0,0,0,0,0,0
taagttcgat,PBANKA_093370,1,1,1,1,0,0,0,0,0,0,0,0,0,0,0,0,0,0,0,0,0,0,0,0,1,1,0,0,0,0,0,0,0,0,0,0,0,0,2,2,0,0,1,1,0,0,0,0,0,0,1,1,0,0,0,0
taatagggagc,PBANKA_081070,0,0,0,0,0,0,0,0,0,0,0,0,0,0,0,0,5,5,0,0,0,0,0,0,0,0,0,0,0,0,3,3,0,0,0,0,0,0,0,0,0,0,0,0,0,0,0,0,0,0,0,0,0,0,0,0
taatgtaatcg,PBANKA_101410,7,7,42,42,24,24,2,2,8,8,26,24,0,0,3,3,1,1,4,4,7,7,5,5,10,10,99,100,40,40,2,2,4,4,8,8,3,3,5,4,91,91,39,40,5,5,25,25,26,26,7,8,8,8,26,26
tacacgcattt,PBANKA_123220,0,0,0,0,0,0,0,0,0,0,0,0,0,0,0,0,0,0,0,0,0,0,0,0,0,0,0,0,1,1,0,0,0,0,0,0,0,0,0,0,0,0,0,0,0,0,0,0,0,0,0,0,0,0,0,0
tactaccatcg,PBANKA_112980,0,0,0,0,0,0,0,0,0,0,0,0,0,0,0,0,1,1,0,0,0,0,0,0,2,2,0,0,0,0,0,0,0,0,0,0,0,0,0,0,1,1,0,0,0,0,1,1,1,1,0,0,0,0,0,0
tactctatccc,PBANKA_142930,8,8,24,25,34,34,11,12,5,5,15,15,2,2,1,1,0,0,5,6,11,10,4,4,7,6,103,103,33,33,0,0,7,7,12,12,4,4,13,13,111,112,38,39,12,12,37,38,21,21,7,7,12,12,14,14
tagaataaagc,PBANKA_134420,0,0,0,0,0,0,0,0,0,0,0,0,0,0,0,0,0,0,0,0,0,0,0,0,0,0,0,0,0,0,0,0,0,0,1,1,0,0,0,0,0,0,0,0,0,0,0,0,0,0,0,0,0,0,0,0
tagcaaagctc,PBANKA_140920,3507,3508,4662,4651,4467,4437,5355,5334,4020,4019,3389,3373,3684,3678,3116,3120,4,4,3112,3105,5103,5104,3773,3779,4032,4049,5798,5791,5160,5153,39,39,6115,6114,4166,4168,4880,4892,3214,3218,6479,6468,5227,5216,2612,2605,3426,3416,3166,3163,4883,4881,4430,4429,3277,3266
tagcagaagtt,PBANKA_081730,0,0,0,0,0,0,0,0,0,0,0,0,0,0,0,0,9,9,0,0,0,0,0,0,0,0,0,0,2,2,7,7,0,0,0,0,0,0,0,0,0,0,0,0,0,0,0,0,1,1,0,0,0,0,0,0
taggcaacact,PBANKA_144790,446,450,568,565,29,29,71,72,292,297,529,525,0,1,0,0,502,504,306,307,377,371,415,415,15,15,764,763,651,649,694,692,665,660,308,310,549,549,3,3,915,913,679,676,353,350,400,402,36,36,61,62,350,352,554,551
tagtcctttat,PBANKA_122090,0,0,0,0,0,0,0,0,0,0,0,0,0,0,0,0,0,0,0,0,0,0,0,0,0,0,1,1,0,0,0,0,0,0,0,0,0,0,0,0,0,0,0,0,0,0,0,0,0,0,0,0,0,0,0,0
tagtgggacct,PBANKA_123800,0,0,0,0,0,0,0,0,0,0,0,0,0,0,0,0,0,0,0,0,0,0,0,0,3,3,0,0,0,0,0,0,0,0,0,0,0,0,0,0,0,0,0,0,0,0,0,0,0,0,0,0,0,0,0,0
tataacgccct,PBANKA_134590,0,0,0,0,0,0,0,0,0,0,0,0,0,0,0,0,0,0,0,0,0,0,0,0,0,0,0,0,0,0,0,0,0,0,0,0,0,0,0,0,1,1,0,0,0,0,0,0,0,0,0,0,0,0,0,0
tatcgaccccg,PBANKA_124120,0,0,0,0,0,0,0,0,0,0,2,2,0,0,0,0,0,0,0,0,0,0,0,0,1,1,0,0,1,1,0,0,0,0,0,0,0,0,0,0,0,0,0,0,0,0,0,0,0,0,0,0,0,0,0,0
tatctagtagc,PBANKA_100870,0,0,0,0,0,0,0,0,0,0,0,0,0,0,0,0,0,0,0,0,1,0,0,0,0,0,0,0,0,0,0,0,0,0,0,0,0,0,0,0,0,0,0,0,0,0,0,0,0,0,0,0,0,0,0,0
tatgtttactg,PBANKA_030610,31,31,37,38,55,56,69,70,16,16,20,20,0,0,0,0,110,105,16,16,17,17,30,31,56,56,45,44,43,43,105,105,37,36,25,25,36,36,27,26,67,69,64,62,29,28,22,21,54,52,74,76,22,22,26,26
tattgagttta,PBANKA_071490,0,0,0,0,0,0,0,0,0,0,0,0,0,0,0,0,0,0,0,0,0,0,0,0,1,1,0,0,0,0,0,0,0,0,0,0,0,0,0,0,0,0,0,0,0,0,0,0,0,0,0,0,0,0,0,0
tattgtatgtt,PBANKA_050630,71,71,129,127,131,128,113,112,85,85,78,78,1,1,0,0,356,357,63,62,107,105,92,92,53,53,121,122,151,151,448,445,146,148,89,90,101,102,42,42,183,181,165,162,55,56,107,107,88,86,75,74,98,98,83,83
tcaaacaagcg,PBANKA_136440,0,0,0,0,0,0,0,0,0,0,0,0,0,0,0,0,0,0,0,0,0,0,1,1,53,51,0,0,4,4,0,0,0,0,0,0,0,0,2,2,4,4,0,0,0,0,0,0,0,0,0,0,0,0,0,0
tcaacaagtag,PBANKA_082960,0,0,0,0,0,0,0,0,0,0,0,0,0,0,0,0,0,0,0,0,0,0,0,0,1,1,0,0,1,1,1,1,0,0,0,0,0,0,0,0,2,2,1,1,0,0,0,0,0,0,0,0,0,0,0,0
tcacacagaca,PBANKA_144290,0,0,0,0,0,0,0,0,0,0,0,0,0,0,0,0,0,0,0,0,0,0,0,0,0,0,0,0,0,0,0,0,1,1,1,1,0,0,0,0,0,0,0,0,0,0,0,0,0,0,0,0,0,0,0,0
tcagattcat,PBANKA_146050,0,0,0,0,0,0,2,2,1,1,0,0,0,0,0,0,0,0,0,0,0,0,0,0,2,2,0,0,1,1,0,0,0,0,0,0,0,0,0,0,0,0,0,0,0,0,2,2,0,0,1,1,0,0,1,1
tcagttcgggt,PBANKA_010150,0,0,2,2,0,0,7,8,0,0,0,0,0,0,0,0,10,9,0,0,0,0,0,0,0,0,0,0,0,0,14,15,0,0,0,0,0,0,0,0,0,0,3,2,0,0,0,0,0,0,2,2,0,0,0,0
tcataggtgtt,PBANKA_072090,0,0,0,0,0,0,0,0,0,0,0,0,0,0,0,0,0,0,0,0,0,0,0,0,3,3,0,0,0,0,0,0,0,0,0,0,0,0,0,0,0,0,0,0,0,0,0,0,0,0,0,0,0,0,0,0
tcatgacaaat,PBANKA_104020,4,4,15,16,13,13,11,10,3,3,9,9,0,0,0,0,1,1,5,5,4,4,0,0,7,8,42,42,21,21,0,0,4,4,7,7,0,0,4,4,62,62,10,9,3,3,10,10,7,7,1,1,3,3,8,8
tcatgtacctt,PBANKA_111050,9,9,24,23,39,39,5,5,16,15,18,18,1,1,4,4,0,0,2,1,8,8,1,1,18,18,95,98,43,41,1,1,7,7,7,7,5,5,9,9,119,122,56,56,9,9,29,29,22,22,10,9,13,13,21,21
tcattcgcgat,PBANKA_103130,0,0,0,0,0,0,0,0,0,0,0,0,0,0,0,0,0,0,0,0,0,0,0,0,0,0,0,0,0,0,0,0,0,0,0,0,0,0,0,0,1,1,0,0,0,0,0,0,0,0,0,0,0,0,0,0
tcattctgctg,PBANKA_130340,75,74,144,144,162,160,185,182,85,85,81,81,176,175,101,101,0,0,76,76,91,92,93,94,107,104,170,171,142,142,0,0,158,159,77,78,79,80,144,142,198,197,154,155,56,55,101,100,107,108,170,170,88,90,89,89
tcattgatccc,PBANKA_050830,4,4,15,15,23,22,4,4,0,0,13,13,1,1,1,1,0,0,3,3,6,6,4,4,3,3,56,56,22,22,1,1,7,7,3,3,3,3,7,7,67,67,25,25,5,5,25,24,12,11,3,3,6,6,6,6
tcatttctagc,PBANKA_040930,0,0,0,0,0,0,0,0,0,0,0,0,0,0,0,0,15,15,0,0,0,0,0,0,0,0,0,0,1,1,9,9,2,2,1,1,0,0,0,0,0,0,0,0,0,0,0,0,1,1,0,0,0,0,0,0
tccaatattac,PBANKA_052430,51,51,40,38,37,37,51,52,31,31,36,38,509,504,422,425,0,0,69,69,48,49,77,80,38,39,55,56,27,27,1,1,97,99,44,43,59,60,19,20,66,66,28,28,44,45,26,28,28,28,73,72,30,30,15,17
tccatggcaaa,PBANKA_112380,0,0,0,0,0,0,0,0,0,0,0,0,0,0,0,0,0,0,0,0,0,0,0,0,0,0,0,0,0,0,0,0,0,0,0,0,0,0,0,0,1,1,0,0,0,0,0,0,0,0,0,0,0,0,0,0
tcccatcaaac,PBANKA_051390,0,0,0,0,0,0,0,0,0,0,0,0,5,5,5,5,0,0,0,0,0,0,0,0,0,0,0,0,0,0,0,0,0,0,0,0,0,0,0,0,0,0,0,0,0,0,0,0,0,0,0,0,0,0,0,0
tccgccacctg,PBANKA_030340,0,0,0,0,0,0,0,0,0,0,0,0,0,0,0,0,0,0,0,0,0,0,0,0,0,0,0,0,0,0,0,0,0,0,0,0,0,0,0,0,0,0,1,1,0,0,0,0,0,0,0,0,0,0,0,0
tccggatgtcg,PBANKA_041790,0,0,0,0,1,1,0,0,0,0,0,0,0,0,0,0,0,0,0,0,0,0,0,0,1,1,0,0,1,1,0,0,0,0,0,0,0,0,1,1,0,0,0,0,0,0,0,0,0,0,0,0,0,0,0,0
tcctactctcc,PBANKA_120060,1000,1011,838,858,1163,1177,1364,1393,734,756,576,578,4,4,0,0,2438,2497,530,541,731,735,690,700,994,1022,834,848,781,795,2820,2874,1044,1060,611,616,891,917,772,790,911,917,855,867,735,750,607,615,782,800,1275,1297,844,865,525,531
tcctcagtgat,PBANKA_140300,0,0,0,0,0,0,0,0,0,0,0,0,0,0,0,0,0,0,0,0,0,0,0,0,0,0,0,0,0,0,0,0,0,0,0,0,0,0,0,0,0,0,1,1,0,0,0,0,0,0,1,1,0,0,0,0
tcgaagtgat,PBANKA_040940,0,0,0,0,0,0,0,0,0,0,0,0,0,0,0,0,0,0,0,0,0,0,0,0,0,0,1,1,0,0,0,0,0,0,0,0,0,0,0,0,0,0,0,0,0,0,0,0,0,0,0,0,0,0,0,0
tcgctacacat,PBANKA_100010,0,0,0,0,0,0,0,0,0,0,0,0,0,0,0,0,0,0,0,0,1,1,0,0,0,0,1,1,0,0,0,0,0,0,0,0,0,0,0,0,3,2,1,1,0,0,0,0,0,0,0,0,0,0,1,1
tcgctggctgg,PBANKA_134940,0,0,0,0,0,0,0,0,0,0,0,0,0,0,0,0,0,0,0,0,0,0,0,0,4,5,0,0,0,0,0,0,0,0,0,0,0,0,0,0,0,0,0,0,0,0,0,0,0,0,0,0,0,0,0,0
tctagcagctg,PBANKA_132960,13,14,14,11,7,7,7,7,2,2,8,8,1,1,0,0,67,68,4,4,4,4,4,4,4,4,9,9,18,18,95,93,5,5,11,11,4,3,4,4,20,19,15,16,9,9,13,13,4,4,3,3,17,17,8,8
tctagtgatgt,PBANKA_110140,0,0,1,1,0,0,0,0,0,0,0,0,0,0,0,0,0,0,0,0,0,0,0,0,0,0,0,0,0,0,0,0,0,0,0,0,0,0,0,0,0,0,0,0,0,0,0,0,0,0,0,0,0,0,0,0
tctctgaatca,PBANKA_122990,0,0,0,0,0,0,0,0,0,0,0,0,0,0,0,0,4,4,0,0,0,0,1,1,1,1,0,0,0,0,9,9,0,0,0,0,0,0,0,0,0,0,1,1,0,0,0,0,0,0,0,0,1,1,0,0
tctgagacgta,PBANKA_081780,0,0,0,0,0,0,0,0,0,0,0,0,0,0,0,0,0,0,0,0,0,0,0,0,0,0,0,0,0,0,0,0,0,0,0,0,0,0,0,0,0,0,0,0,0,0,0,0,0,0,0,0,0,0,2,2
tctgctagaag,PBANKA_031490,122,119,257,257,252,250,312,313,125,125,59,58,5,5,1,1,491,491,193,191,201,201,275,277,221,221,169,168,112,112,535,533,438,438,199,197,325,327,265,264,181,175,120,120,141,141,185,185,122,120,287,288,121,120,54,54
tctgtctgtgc,PBANKA_145030,12,13,41,39,82,80,82,80,26,27,29,31,184,186,178,181,0,0,10,11,27,27,12,12,59,59,36,36,27,27,0,0,39,39,16,17,31,31,62,61,28,29,33,34,25,25,34,34,37,35,92,93,20,20,20,20
tcttacgggga,PBANKA_130980,0,0,0,0,0,0,0,0,0,0,0,0,0,0,0,0,0,0,0,0,0,0,0,0,0,0,0,0,0,0,0,0,0,0,0,0,0,0,0,0,1,1,0,0,0,0,0,0,0,0,0,0,0,0,0,0
tcttagcaaga,PBANKA_060860,0,0,0,0,0,0,0,0,0,0,0,0,0,0,0,0,0,0,0,0,0,0,0,0,24,23,0,0,0,0,0,0,0,0,0,0,0,0,1,1,0,0,0,0,0,0,0,0,0,0,0,0,0,0,0,0
tgaaactgccc,PBANKA_API0059,0,0,0,0,0,0,0,0,0,0,0,0,0,0,0,0,0,0,0,0,0,0,0,0,0,0,0,0,0,0,0,0,0,0,0,0,0,0,0,0,0,0,0,0,0,0,0,0,0,0,0,1,0,0,0,0
tgaacgtggtg,PBANKA_083680,0,0,0,0,0,0,0,0,0,0,2,2,0,0,0,0,0,0,0,0,0,0,0,0,2,2,0,0,1,1,0,0,0,0,0,0,0,0,0,0,2,2,0,0,0,0,0,0,0,0,0,0,0,0,0,0
tgaatctgccc,PBANKA_031210,55,54,88,87,62,64,147,145,40,41,52,52,0,0,0,0,177,179,60,60,70,70,119,121,89,89,62,63,33,33,193,195,157,158,66,66,120,120,75,76,73,71,43,43,72,73,71,72,49,48,149,151,52,51,51,51
tgacacactct,PBANKA_143920,0,0,1,1,0,0,2,2,1,1,0,0,0,0,0,0,104,103,0,0,0,0,0,0,5,5,1,1,0,0,91,91,0,0,0,0,0,0,0,0,0,0,0,0,0,0,0,0,1,1,2,2,1,1,0,0
tgacggggctc,PBANKA_104000,0,0,0,0,0,0,0,0,0,0,0,0,0,0,0,0,0,0,0,0,0,0,0,0,0,0,0,0,0,0,1,1,0,0,0,0,0,0,0,0,0,0,0,0,0,0,0,0,0,0,0,0,0,0,0,0
tgactcagctt,PBANKA_071430,1362,1365,1899,1883,3472,3451,3522,3495,1347,1351,1615,1594,1509,1507,1217,1218,2,2,1356,1356,2081,2077,1803,1797,2566,2567,2567,2567,2583,2579,18,18,2871,2854,1734,1735,2438,2435,2100,2095,2759,2748,2634,2616,1170,1172,1458,1458,2420,2414,3314,3310,1429,1440,1768,1762
tgacttaacat,PBANKA_101390,8,8,18,19,23,23,5,5,1,1,14,14,1,1,0,0,0,0,2,2,8,8,4,4,7,8,63,64,19,19,0,0,2,2,1,1,5,5,5,5,53,53,30,30,6,6,16,16,19,19,2,2,3,3,15,15
tgaggatcgca,PBANKA_141040,0,0,0,0,0,0,0,0,0,0,0,0,0,0,0,0,0,0,0,0,0,0,0,0,0,0,1,1,0,0,0,0,0,0,0,0,0,0,0,0,0,0,0,0,0,0,0,0,0,0,0,0,0,0,0,0
tgagtgatata,PBANKA_143720,0,0,0,0,0,0,0,0,0,0,0,0,0,0,0,0,0,0,0,0,0,0,0,0,0,0,0,0,0,0,0,0,0,0,0,0,0,0,0,0,0,0,0,0,0,0,0,0,0,0,0,0,0,0,0,1
tgccagcggac,PBANKA_061670,0,0,2,2,0,0,0,0,0,1,0,0,0,0,0,0,0,0,0,0,0,0,0,0,0,0,0,0,0,0,0,0,0,0,0,0,0,0,0,0,0,0,0,0,0,0,0,0,0,0,0,0,0,0,0,0
tgcctaggcac,PBANKA_093470,0,0,0,0,0,0,0,0,0,0,0,0,0,0,0,0,0,0,0,0,0,0,0,0,0,0,0,0,1,1,0,0,0,0,0,0,0,0,0,0,0,0,0,0,0,0,0,0,0,0,0,0,0,0,0,0
tgccttgtatg,PBANKA_051490,197,195,342,345,198,198,263,263,171,168,168,166,113,111,95,96,1,1,265,268,312,311,328,326,225,224,358,359,204,202,1,1,421,419,185,182,359,362,136,136,424,419,216,217,138,138,269,269,140,138,292,289,164,163,147,144
tgcgattggaa,PBANKA_051630,175,174,192,195,39,37,31,30,91,92,10,11,1325,1331,1083,1094,0,0,72,71,99,101,160,163,9,10,3,3,11,11,0,0,191,197,109,112,166,164,4,4,6,7,6,6,133,129,131,133,31,32,23,23,128,129,7,8
tggactgagtc,PBANKA_133270,0,0,1,1,0,0,0,0,0,0,0,0,0,0,0,0,0,0,0,0,0,0,0,0,0,0,0,0,0,0,0,0,0,0,0,0,0,0,0,0,0,0,0,0,0,0,0,0,0,0,0,0,0,0,0,0
tggagagaagt,PBANKA_061960,275,272,419,413,626,615,827,816,405,402,288,284,795,783,703,696,1,1,315,315,544,534,357,358,703,695,715,703,477,476,9,9,610,598,474,468,485,480,485,484,744,734,497,489,218,219,285,282,471,467,694,685,392,393,281,280
tggccagtcta,PBANKA_010430,4,4,17,17,24,23,3,3,3,2,11,10,0,0,1,1,1,1,0,0,11,11,2,2,7,8,40,38,15,14,0,0,3,3,4,4,0,0,2,2,64,64,18,18,4,4,10,10,6,6,2,2,5,5,10,10
tggcctcgggt,PBANKA_133490,0,0,0,0,0,0,0,0,0,0,0,0,0,0,0,0,0,0,0,0,0,0,0,0,0,0,1,1,0,0,0,0,0,0,0,0,0,0,0,0,0,0,0,0,0,0,0,0,0,0,0,0,0,0,0,0
tggcttcgctc,PBANKA_081910,136,135,325,323,62,60,71,70,178,176,9,9,0,0,0,0,209,209,80,80,135,135,131,129,37,35,25,25,10,10,222,219,235,236,126,124,136,128,47,46,21,21,18,17,93,93,275,273,60,60,57,57,179,180,11,11
tggcttctgct,PBANKA_136000,0,0,1,1,8,8,7,6,2,2,10,10,155,157,111,111,0,0,0,0,2,2,5,4,4,4,0,0,5,5,0,0,3,3,5,5,4,4,3,4,1,1,13,13,4,4,1,1,5,5,7,7,4,4,7,7
tggtgaataaa,PBANKA_102910,0,0,0,0,0,0,0,0,0,0,0,0,0,0,0,0,0,0,0,0,0,0,0,0,0,0,0,0,0,0,0,0,3,3,0,0,0,0,0,0,0,0,1,1,0,0,2,2,0,0,0,0,0,0,4,4
tgtaacgtgtg,PBANKA_031130,0,0,0,0,0,0,0,0,0,0,0,0,0,0,0,0,0,0,0,0,0,0,0,0,0,0,1,1,0,0,0,0,0,0,0,0,0,0,0,0,0,0,0,0,0,0,0,0,0,0,0,0,0,0,0,0
tgtcacgatac,PBANKA_071830,2682,2749,3855,3959,7922,8118,9722,9981,2606,2671,4378,4492,4831,4957,3752,3855,5,5,2481,2541,3538,3593,2980,3048,6964,7181,6298,6415,6227,6394,53,55,4852,5033,3028,3091,4092,4202,4955,5081,7134,7344,6124,6313,2120,2180,2777,2861,4973,5097,8402,8630,2897,2975,4239,4359
tgtcctaaaga,PBANKA_121950,0,0,0,0,0,0,0,0,0,0,1,1,0,0,1,1,0,0,0,0,0,0,1,1,42,42,0,0,1,1,0,0,0,0,0,0,0,0,7,7,0,0,0,0,0,0,0,0,0,0,0,0,0,0,0,0
tgtcgagcact,PBANKA_091140,41,40,15,13,7,8,11,11,8,8,29,28,0,0,0,0,174,171,13,13,18,18,34,35,9,9,29,27,8,8,224,222,36,38,16,15,41,43,10,9,22,23,13,13,33,33,17,17,6,6,20,20,8,8,25,25
tgtctattatc,PBANKA_091640,279,278,407,408,1068,1066,969,962,287,284,197,194,2,1,1,1,4864,4854,219,220,306,307,268,267,734,738,356,353,360,351,5489,5452,417,411,255,251,348,351,496,496,384,382,398,399,212,212,284,282,688,692,866,858,342,340,213,213
tgttcaccggg,PBANKA_121880,0,0,0,0,0,0,0,0,0,0,0,0,0,0,0,0,0,0,0,0,0,0,0,0,16,16,0,0,0,0,0,0,0,0,0,0,0,0,1,1,0,0,0,0,1,1,0,0,0,0,0,0,0,0,0,0
tgttcgtatag,PBANKA_040470,0,0,0,0,7,7,7,7,1,1,0,0,0,0,0,0,20,20,0,0,11,10,0,0,1,1,2,2,1,1,22,22,10,10,8,9,0,0,0,0,0,0,0,0,0,0,1,1,2,2,6,6,1,1,0,0
tgttgagacag,PBANKA_041810,0,0,0,0,0,0,0,0,0,0,0,0,0,0,0,0,0,0,0,0,0,0,0,0,0,0,0,0,0,0,0,0,0,0,0,0,0,0,1,1,0,0,0,0,0,0,0,0,0,0,0,0,0,0,0,0
tgttgtctcgg,PBANKA_031190,0,0,0,0,0,0,0,0,0,0,0,0,0,0,0,0,0,0,0,0,0,0,0,0,0,0,0,0,0,0,2,2,0,0,0,0,0,0,0,0,0,0,0,0,0,0,0,0,0,0,0,0,0,0,0,0
tgtttccgttg,PBANKA_051820,372,368,563,554,988,984,1322,1317,427,421,548,548,834,834,688,688,1,1,481,480,686,681,482,476,911,917,1028,1020,942,937,3,4,821,813,430,427,551,547,856,852,1079,1079,944,934,282,277,436,431,628,626,1131,1125,538,540,559,550
ttaaagattcc,PBANKA_120710,0,0,0,0,0,0,0,0,0,0,0,0,0,0,0,0,0,0,0,0,0,0,0,0,0,0,0,0,0,0,0,0,0,0,0,0,0,0,1,1,0,0,0,0,0,0,0,0,0,0,0,0,0,0,0,0
ttaaagtgatt,PBANKA_112620,0,0,0,0,0,0,0,0,0,0,0,0,0,0,0,0,0,0,0,0,0,0,0,0,1,1,0,0,0,0,0,0,0,0,0,0,0,0,0,0,0,0,0,0,0,0,0,0,0,0,0,0,0,0,0,0
ttaacgggtaa,PBANKA_132470,0,0,19,19,28,27,8,8,8,6,17,17,2,2,0,0,1,1,1,2,4,4,2,2,13,13,84,82,30,30,1,1,7,7,10,10,1,1,4,4,87,90,40,40,4,4,19,19,16,17,7,8,8,8,13,13
ttaattgcgac,PBANKA_121260,513,519,609,616,350,349,344,350,336,332,109,111,98,99,84,83,1,1,284,283,446,444,379,381,251,256,234,233,188,185,3,3,573,571,337,339,444,450,188,187,259,248,246,244,389,389,441,438,228,230,298,297,314,313,123,124
ttactgcaagc,PBANKA_083290,20,20,48,48,32,30,21,21,27,26,3,4,340,340,267,270,0,0,2,2,21,20,6,6,15,15,8,8,10,10,0,0,9,10,12,13,7,7,19,20,7,7,5,5,18,19,30,30,24,24,25,26,25,27,3,3
ttagcaggccg,PBANKA_110480,157,156,266,263,200,195,198,200,142,143,87,87,244,244,162,159,0,0,184,182,238,232,191,187,143,141,115,113,114,115,1,1,318,318,172,170,306,310,102,100,119,118,110,111,137,135,220,221,144,144,188,189,190,188,65,63
ttaggaatata,PBANKA_101640,0,0,0,0,0,0,0,0,0,0,0,0,0,0,4,4,0,0,0,0,0,0,0,0,0,0,0,0,0,0,0,0,0,0,0,0,0,0,2,2,0,0,0,0,0,0,0,0,0,0,0,0,0,0,0,0
ttataagtcta,PBANKA_080690,6,6,24,25,18,18,4,4,8,8,10,10,1,1,0,0,1,1,1,1,4,4,3,3,8,8,64,60,28,28,2,2,7,7,5,4,1,1,4,4,64,65,22,22,6,6,33,33,28,28,5,5,9,10,15,15
ttatatatagt,PBANKA_030450,0,0,0,0,0,0,0,0,0,0,0,0,0,0,0,0,0,0,0,0,0,0,0,0,0,0,0,0,0,0,0,0,0,0,1,1,0,0,0,0,0,0,0,0,0,0,0,0,0,0,0,0,0,0,0,0
ttatatgtata,PBANKA_051130,0,0,0,1,0,0,0,0,0,0,0,0,0,0,0,0,0,0,0,0,0,0,0,0,0,0,0,0,0,0,0,0,0,0,0,0,0,0,0,0,0,0,0,0,0,0,0,0,0,0,0,0,0,0,0,0
ttatccaaggg,PBANKA_111920,121,120,133,134,163,164,180,180,83,84,76,75,109,110,73,73,0,0,113,117,168,164,184,185,134,133,142,138,118,119,1,1,280,279,120,119,241,245,96,97,179,177,122,122,96,97,98,99,100,100,140,138,88,90,75,74
ttatgcaccaa,PBANKA_135800,100,100,73,73,122,121,196,196,37,37,35,36,0,0,0,0,845,853,46,46,41,41,62,61,106,109,60,60,38,38,980,990,95,96,51,48,104,108,50,52,72,72,44,42,56,57,88,91,96,96,157,158,51,50,41,42
ttcaactttgt,PBANKA_123640,2,2,10,10,14,14,3,3,2,2,5,5,0,0,1,1,0,0,0,0,4,4,0,0,1,1,30,31,7,7,0,0,0,0,6,6,0,0,5,5,31,31,14,14,3,3,9,9,3,3,1,1,1,1,8,8
ttcaatagaga,PBANKA_130790,0,0,0,0,0,0,0,0,0,0,0,0,0,0,0,0,0,0,0,0,0,0,0,0,0,0,0,0,0,0,0,0,0,0,0,0,0,0,0,0,0,0,0,0,0,0,0,0,0,0,0,0,0,0,1,1
ttcactcaagt,PBANKA_010220,196,194,123,124,10,10,12,12,50,50,2,2,0,0,0,0,123,123,44,45,62,62,73,74,7,7,1,1,1,1,151,153,81,81,51,53,101,101,4,4,8,6,6,6,104,105,94,93,8,8,11,11,64,64,4,4
ttcatgagcat,PBANKA_143520,521,509,777,772,942,925,1332,1316,450,447,52,51,697,691,580,581,0,1,554,550,791,790,731,719,872,869,68,67,108,109,8,8,1175,1176,575,572,988,988,603,601,55,56,99,98,440,441,543,539,682,674,1134,1133,562,563,48,46
ttccaccttac,PBANKA_030600-ko,2,2,2,2,4,4,1,1,0,0,0,0,0,0,0,0,0,0,0,0,0,0,6,6,0,0,9,9,3,4,0,0,0,0,0,0,0,0,6,7,21,21,3,3,1,2,3,3,8,8,1,1,0,0,4,4
ttcccagggcc,PBANKA_092730,0,0,0,0,0,0,0,0,0,0,0,0,0,0,0,0,0,0,0,0,0,0,0,0,1,1,0,0,0,0,0,0,0,0,0,0,0,0,0,0,0,0,0,0,0,0,0,0,0,0,0,0,0,0,0,0
ttcctcggatc,PBANKA_101050,2,2,15,17,11,11,10,10,8,8,10,10,0,0,0,0,1,1,3,3,3,3,1,1,4,4,40,39,13,13,0,0,0,0,1,1,0,0,7,7,49,51,15,15,2,2,9,9,13,12,3,3,10,10,9,9
ttctttgttat,PBANKA_080040,66,67,38,38,56,57,153,156,47,46,72,70,0,0,0,0,988,987,33,33,54,54,54,54,68,69,80,80,49,47,1014,1013,64,64,30,30,67,62,66,63,71,69,54,52,54,54,18,18,44,43,115,115,56,56,80,80
ttgaccaaacg,PBANKA_070070,0,0,0,0,0,0,0,0,0,0,0,0,0,0,0,0,0,0,0,0,0,0,0,0,0,0,1,1,0,0,0,0,0,0,0,0,0,0,1,1,0,0,0,0,0,0,0,0,0,0,0,0,0,0,0,0
ttgcagttgta,PBANKA_070590,0,0,0,0,0,0,0,0,0,0,0,0,0,0,0,0,0,0,0,0,0,0,0,0,0,0,1,1,0,0,0,0,0,0,0,0,0,0,0,0,0,0,0,0,0,0,0,0,0,0,0,0,0,0,0,0
ttgctccgagt,PBANKA_090620,55,54,76,73,82,82,116,117,44,45,33,32,0,0,0,0,455,453,66,66,54,54,50,49,90,92,53,52,52,53,455,452,108,107,39,37,46,47,78,77,68,68,49,49,41,40,55,55,63,61,119,119,27,27,27,28
ttgctttagct,PBANKA_100150,1,1,1,1,13,13,3,3,1,1,0,0,0,0,0,0,15,15,0,0,4,4,0,0,7,8,1,1,3,3,14,14,0,0,0,0,1,1,6,6,2,2,4,4,0,0,3,3,12,12,3,3,2,2,0,0
ttggcacggcg,PBANKA_124660,0,0,0,0,1,1,0,0,0,0,0,0,0,0,0,0,0,0,0,0,0,0,0,0,0,0,1,1,0,0,0,0,0,0,0,0,0,0,0,0,1,1,0,0,0,0,0,0,0,0,0,0,0,0,0,0
ttggggtgaca,PBANKA_092640,3,3,11,10,8,8,6,6,4,4,4,4,0,0,0,0,0,0,0,0,2,2,0,0,8,7,7,7,6,6,0,0,0,0,0,0,0,0,4,4,9,9,5,5,1,1,7,7,9,9,10,10,1,1,6,6
ttgtacacccg,PBANKA_102630,1,1,18,19,16,16,7,7,3,3,6,6,0,0,2,2,0,0,0,0,4,4,0,0,6,6,55,55,9,8,1,1,2,2,2,2,2,2,4,4,60,60,13,14,5,5,24,24,9,9,4,4,6,6,4,4
ttgtcacacac,PBANKA_112530,14,15,48,49,58,60,12,12,17,18,35,35,1,1,2,2,2,2,1,2,19,19,7,7,14,14,184,191,72,73,3,3,7,7,12,12,4,4,9,9,215,225,77,76,12,12,47,47,52,51,14,14,16,16,42,43
tttagctagtg,PBANKA_050740,0,0,0,0,0,0,0,0,0,0,0,0,0,0,0,0,2,2,0,0,0,0,0,0,0,0,0,0,0,0,2,2,0,0,0,0,0,0,0,0,0,0,0,0,0,0,0,0,0,0,0,0,0,0,0,0
tttcaaaatgc,PBANKA_050100,0,0,0,0,0,0,0,0,0,0,2,2,0,0,0,0,0,0,0,0,0,0,0,0,0,0,0,0,0,0,0,0,0,0,0,0,0,0,0,0,0,0,0,0,0,0,0,0,0,0,0,0,0,0,0,0
tttctggtaag,PBANKA_124200,0,0,1,1,2,1,3,3,0,0,0,0,40,40,34,34,0,0,0,0,1,1,0,0,0,0,5,5,0,0,0,0,0,0,0,0,0,0,3,3,12,13,4,4,0,0,0,0,0,0,1,1,0,0,1,1
tttcttcaaag,PBANKA_143440,0,0,0,0,0,0,0,0,0,0,0,0,0,0,0,0,0,0,0,0,0,0,0,0,0,0,1,1,0,0,0,0,0,0,0,0,0,0,0,0,0,0,0,0,0,0,0,0,0,0,0,0,0,0,0,0
tttgacgcaaa,PBANKA_123490,0,0,0,0,0,0,0,0,0,0,0,0,0,0,0,0,0,0,0,0,0,0,0,0,0,0,0,0,0,0,0,0,0,0,0,0,0,0,0,0,0,0,1,1,0,0,0,0,0,0,0,0,0,0,0,0
tttgagatctc,PBANKA_103240,0,0,0,0,0,0,0,0,0,0,0,0,0,0,0,0,0,0,0,0,0,0,1,1,0,0,0,0,0,0,0,0,0,0,0,0,0,0,0,0,0,0,0,0,0,0,0,0,0,0,0,0,0,0,0,0
ttttctacttc,PBANKA_082420,0,0,0,0,0,0,0,0,0,0,0,0,0,0,0,0,0,0,0,0,0,0,0,0,0,0,3,3,0,0,0,0,0,0,0,0,0,0,0,0,0,0,0,0,0,0,0,0,0,0,0,0,0,0,0,0
ttttgcctaca,PBANKA_060610,0,0,0,0,0,0,0,0,0,0,0,0,0,0,0,0,0,0,0,0,0,0,0,0,0,0,0,0,0,0,0,0,0,0,0,0,0,0,0,0,2,2,0,0,0,0,0,0,0,0,0,0,0,0,0,0